[
   {
      "unformatted": "נצר סרני, נצר סרני",
      "location": {
         "lat": 31.922789,
         "lng": 34.821191
      },
      "formatted": "נצר סרני, ישראל",
      "city": "רמלה"
   },
   {
      "unformatted": "בית חולים תה\"ש רמת גן, - שרותי הדם מד\"א",
      "location": {
         "lat": 32.0459077,
         "lng": 34.8467524
      },
      "formatted": "בית חולים תל השומר, רמת גן, ישראל",
      "city": "רמת גן"
   },
   {
      "unformatted": "יפעת, ליד חדר האוכל",
      "location": {
         "lat": 32.675853,
         "lng": 35.223982
      },
      "formatted": "יפעת, ישראל",
      "city": "קיבוץ יפעת"
   },
   {
      "unformatted": "נחלים, בני עקיבא נחלים",
      "location": {
         "lat": 32.0624436,
         "lng": 34.914502
      },
      "formatted": "דן 54, נחלים, ישראל",
      "city": "דן"
   },
   {
      "unformatted": "כפר כמא, בית הקשיש",
      "location": {
         "lat": 32.721105,
         "lng": 35.442834
      },
      "formatted": "כפר כמא, ישראל",
      "city": "כנרת"
   },
   {
      "unformatted": "מעגן, בית הצנחן",
      "location": {
         "lat": 32.708328,
         "lng": 35.6009701
      },
      "formatted": "מעגן"
   },
   {
      "unformatted": "שביל חשוון 1 כרמיאל, מועדון גבעת רם",
      "location": {
         "lat": 32.9105232,
         "lng": 35.2735385
      },
      "formatted": "כרמיאל, ישראל",
      "city": "עכו"
   },
   {
      "unformatted": "לשם נוף איילון, מתנס שלב א",
      "location": {
         "lat": 31.8666864,
         "lng": 34.9848771
      },
      "formatted": "Moriya St 16, Nof Ayalon",
      "city": "Moriya Street"
   },
   {
      "unformatted": "הלילך 7 יבנה, מבנה בני עקיבא יבנה",
      "location": {
         "lat": 31.8704506,
         "lng": 34.7466043
      },
      "formatted": "הלילך 7, יבנה, ישראל",
      "city": "יבנה"
   },
   {
      "unformatted": "המלך ג'ורג' 20 ירושלים, משביר י-ם",
      "location": {
         "lat": 31.78153,
         "lng": 35.21602
      },
      "formatted": "המלך ג'ורג' 20, ירושלים, 9426208, ישראל",
      "city": "ירושלים"
   },
   {
      "unformatted": "המ\"ג 7 ירושלים, ר\"ח המ\"ג 7 רוממה , - תחנת מד\"א",
      "location": {
         "lat": 31.7916038,
         "lng": 35.1996482
      },
      "formatted": "המ\"ג 7, ירושלים, ישראל",
      "city": "ירושלים"
   },
   {
      "unformatted": "הרב יחזקאל סרנא 3 ירושלים, בי\"ס ממ\"ד גבעת מרדכי",
      "location": {
         "lat": 31.7641619,
         "lng": 35.1960682
      },
      "formatted": "הרב יחזקאל סרנא 3, ירושלים, ישראל",
      "city": "ירושלים"
   },
   {
      "unformatted": "העליה השניה 8 חיפה, בי\"ח רמב\"ם - קניון סגול",
      "location": {
         "lat": 32.8329875,
         "lng": 34.9857066
      },
      "formatted": "העלייה השנייה 8, חיפה, 3109601, ישראל",
      "city": "חיפה"
   },
   {
      "unformatted": "התיכון 39 חיפה, מרכז דתי - באולם מנחם",
      "location": {
         "lat": 32.7907417,
         "lng": 35.0159917
      },
      "formatted": "התיכון 39, חיפה, ישראל",
      "city": "חיפה"
   },
   {
      "unformatted": "יצחק בן צבי באר שבע, תחנה מרכזית",
      "location": {
         "lat": 31.2438155,
         "lng": 34.7949983
      },
      "formatted": "יצחק בן צבי 4 תחנה מרכזית באר שבע באר שבע IL, באר שבע, 8489322, ישראל",
      "city": "באר שבע"
   },
   {
      "unformatted": "קהילת ציון 2 עפולה, תחנה מרכזית",
      "location": {
         "lat": 32.607437,
         "lng": 35.2920556
      },
      "formatted": "קהילת ציון 3, עפולה, ישראל",
      "city": "עפולה"
   },
   {
      "unformatted": "אביאור 1 חדרה, תחנת מד\"א חדרה , - תחנת מד\"א",
      "location": {
         "lat": 32.4445161,
         "lng": 34.9228603
      },
      "formatted": "אביאור 7-11, חדרה, ישראל",
      "city": "חדרה"
   },
   {
      "unformatted": "הבנים מול מלון לאונרדו 1 טבריה, תחנת מגן דוד אדום, - תחנת מד\"א",
      "location": {
         "lat": 32.785899,
         "lng": 35.5407268
      },
      "formatted": "הקישון 1, טבריה, ישראל",
      "city": "טבריה"
   },
   {
      "unformatted": "כורזין גבעתיים, מפרץ האוטובסים מול מתחם כורזין",
      "location": {
         "lat": 32.0596894,
         "lng": 34.816523
      },
      "formatted": "כורזין, ישראל",
      "city": "גבעתיים"
   },
   {
      "unformatted": "חיפה, חוצות המפרץ ליד גרג",
      "location": {
         "lat": 32.8092185,
         "lng": 35.0557838
      },
      "formatted": "החרושת 8, חיפה, ישראל",
      "city": "חיפה"
   },
   {
      "unformatted": "שד' לכיש קרית גת, מרכז מסחרי-מול קניון לב העיר",
      "location": {
         "lat": 31.6088873,
         "lng": 34.7729488
      },
      "formatted": "קרית גת, ישראל",
      "city": "אשקלון"
   },
   {
      "unformatted": "מגדל העמק, פרץ סנטר",
      "location": {
         "lat": 32.6780967,
         "lng": 35.2431759
      },
      "formatted": "שדרות שאול עמור 77, מגדל העמק, ישראל",
      "city": "מגדל העמק"
   },
   {
      "unformatted": "נוף הגליל, דודג' סנטר",
      "location": {
         "lat": 32.6933333,
         "lng": 35.3036111
      },
      "formatted": "דרך אריאל שרון 41, נוף הגליל, ישראל",
      "city": "נוף הגליל"
   },
   {
      "unformatted": "יקנעם, ביג יקנעם בכניסה",
      "location": {
         "lat": 32.6426784,
         "lng": 35.0927494
      },
      "formatted": "שדרות יצחק רבין 9, יוקנעם עילית, ישראל",
      "city": "יקנעם"
   },
   {
      "unformatted": "הרפואה 1 אשדוד, תחנת מד\"א , - תחנת מד\"א",
      "location": {
         "lat": 31.7802744,
         "lng": 34.654233
      },
      "formatted": "הרפואה 1, אשדוד, ישראל",
      "city": "אשדוד"
   },
   {
      "unformatted": "החשמונאים 75 קרית מוצקין, - תחנת מד\"א",
      "location": {
         "lat": 32.8440668,
         "lng": 35.0802042
      },
      "formatted": "77,, HaHashmona'im St 75, Kiryat Motskin, ישראל",
      "city": "קרית מוצקין"
   },
   {
      "unformatted": "מינץ 7 נתניה, - תחנת מד\"א",
      "location": {
         "lat": 32.3284579,
         "lng": 34.8645215
      },
      "formatted": "בנימין מינץ 7, נתניה, ישראל",
      "city": "נתניה"
   },
   {
      "unformatted": "המדגרה 5 בית חרות, בית חרות",
      "location": {
         "lat": 32.3784288,
         "lng": 34.8671773
      },
      "formatted": "המדגרה 5, בית חרות, ישראל",
      "city": "בית חרות"
   },
   {
      "unformatted": "הרצל פינת מנחם בגין אשדוד, קניון הסיטי",
      "location": {
         "lat": 31.7907924,
         "lng": 34.6394684
      },
      "formatted": "תחנה מרכזית, שדרות מנחם בגין 1, אשדוד, ישראל",
      "city": "אשדוד"
   },
   {
      "unformatted": "ד.נ.גליל מערבי מצובה, מועדון",
      "location": {
         "lat": 33.062312,
         "lng": 35.155705
      },
      "formatted": "מצובה, ישראל",
      "city": "עכו"
   },
   {
      "unformatted": "באר שבע, ביה\"ח סורוקה ליד בית מרקחת מול חדר אוכל עובדים",
      "location": {
         "lat": 31.2580633,
         "lng": 34.7994009
      },
      "formatted": "שדרות יצחק רגר 151, באר שבע, ישראל",
      "city": "באר שבע"
   },
   {
      "unformatted": "מוטה גור 2 מזכרת בתיה, בי\"ס על יסודי קשת",
      "location": {
         "lat": 31.8508945,
         "lng": 34.840374
      },
      "formatted": "שדרות מוטה גור 2, מזכרת בתיה, ישראל",
      "city": "מזכרת בתיה"
   },
   {
      "unformatted": "עזרא ונחמיה 2 קרית מלאכי, בני עקיבא קרית מלאכי",
      "location": {
         "lat": 31.728088,
         "lng": 34.7436959
      },
      "formatted": "עזרא ונחמיה 2, קרית מלאכי, ישראל",
      "city": "קרית מלאכי"
   },
   {
      "unformatted": "בר יוחאי, מועדון",
      "location": {
         "lat": 32.997704,
         "lng": 35.44819
      },
      "formatted": "בר יוחאי, ישראל",
      "city": "צפת"
   },
   {
      "unformatted": "אכסאל, מרכז צעירים",
      "location": {
         "lat": 32.682085,
         "lng": 35.320743
      },
      "formatted": "איכסאל, ישראל",
      "city": "יזרעאל"
   },
   {
      "unformatted": "חי טייב 42 ירושלים, אולם ספורט ליד בי\"ס ממ\"ד",
      "location": {
         "lat": 31.7833931,
         "lng": 35.1713573
      },
      "formatted": "ירושלים, ישראל",
      "city": "מחוז ירושלים"
   },
   {
      "unformatted": "קרית שמונה, תחנת משטרת ק\"ש",
      "location": {
         "lat": 33.2129123,
         "lng": 35.5682038
      },
      "formatted": "קרית שמונה, ישראל",
      "city": "קרית שמונה"
   },
   {
      "unformatted": "קצרין, יקבי רמה\"ג",
      "location": {
         "lat": 32.990998,
         "lng": 35.689865
      },
      "formatted": "קצרין"
   },
   {
      "unformatted": "סלעית, אולם ספורט",
      "location": {
         "lat": 32.242589,
         "lng": 35.051258
      },
      "formatted": "סלעית"
   },
   {
      "unformatted": "פאולוס השישי 6 נצרת, מול המשביר",
      "location": {
         "lat": 32.7016232,
         "lng": 35.2989406
      },
      "formatted": "פאולוס השישי 104, נצרת, ישראל",
      "city": "נצרת"
   },
   {
      "unformatted": "המנופים 9 הרצליה, מרכז מסחרי",
      "location": {
         "lat": 32.1607509,
         "lng": 34.8077773
      },
      "formatted": "המנופים 9, הרצליה, ישראל",
      "city": "הרצליה"
   },
   {
      "unformatted": "כביש מעונה נהריה, בי\"ח נהריה מול קפיטרית יעל",
      "location": {
         "lat": 33.016894,
         "lng": 35.263626
      },
      "formatted": "מעונה, ישראל",
      "city": "נהריה"
   },
   {
      "unformatted": "אריה דה מודינה 24 תל אביב יפו, אולם פיס בני עקיבא",
      "location": {
         "lat": 32.0530545,
         "lng": 34.77937910000001
      },
      "formatted": "אריה דה מודינה 24, תל אביב יפו, ישראל",
      "city": "תל אביב יפו"
   },
   {
      "unformatted": "אשקלון, קניון חוצות אשקלון",
      "location": {
         "lat": 31.6611431,
         "lng": 34.5897802
      },
      "formatted": "שדרות בן גוריון פינת, נח\"ל 1, אשקלון, ישראל",
      "city": "אשקלון"
   },
   {
      "unformatted": "צפת, מחנה פצ\"ן",
      "location": {
         "lat": 32.981262,
         "lng": 35.50948
      },
      "formatted": "פיקוד צפון/מרום כנען, צפת, ישראל",
      "city": "צפת"
   },
   {
      "unformatted": "אבני איתן, מועדון",
      "location": {
         "lat": 32.824808,
         "lng": 35.765777
      },
      "formatted": "אבני איתן"
   },
   {
      "unformatted": "נחל אלכסנדר 2 צור יצחק, מרכז קהילתי",
      "location": {
         "lat": 32.239628,
         "lng": 34.994211
      },
      "formatted": "צור יצחק, ישראל",
      "city": "צור יצחק"
   },
   {
      "unformatted": "ד.נ חוף כרמל נחשולים, מועדון.",
      "location": {
         "lat": 32.61309,
         "lng": 34.92225
      },
      "formatted": "נחשולים, ישראל",
      "city": "חדרה"
   },
   {
      "unformatted": "עין מאהל, מרכז צעירים",
      "location": {
         "lat": 32.7116264,
         "lng": 35.3251404
      },
      "formatted": "נוף הגליל, ישראל",
      "city": "יזרעאל"
   },
   {
      "unformatted": "צאלון 21 מודיעין מכבים רעות, מודיעין סנטר",
      "location": {
         "lat": 31.9058171,
         "lng": 35.016995
      },
      "formatted": "צאלון 21, מודיעין מכבים רעות, ישראל",
      "city": "מודיעין"
   },
   {
      "unformatted": "עין השלושה, התרמה בקיבוץ+גרעין שנת שרות",
      "location": {
         "lat": 31.351722,
         "lng": 34.403471
      },
      "formatted": "עין השלושה, ישראל",
      "city": "באר שבע"
   },
   {
      "unformatted": "שריד, מועדון לחבר",
      "location": {
         "lat": 32.663061,
         "lng": 35.2247569
      },
      "formatted": "שריד, ישראל",
      "city": "שריד"
   },
   {
      "unformatted": "ריינה, ליד המועצה",
      "location": {
         "lat": 32.719924,
         "lng": 35.317654
      },
      "formatted": "ריינה, ישראל",
      "city": "ריינה"
   },
   {
      "unformatted": "ק. שער העמקים שער העמקים, מועדון לחבר",
      "location": {
         "lat": 32.722623,
         "lng": 35.1106025
      },
      "formatted": "שער העמקים, ישראל",
      "city": "חיפה"
   },
   {
      "unformatted": "טורעאן, ליד המועצה",
      "location": {
         "lat": 32.775137,
         "lng": 35.378344
      },
      "formatted": "טורעאן, ישראל",
      "city": "טורעאן"
   },
   {
      "unformatted": "גבע בנימין, מישכן יותם",
      "location": {
         "lat": 31.849999,
         "lng": 35.273853
      },
      "formatted": "גבע בנימין"
   },
   {
      "unformatted": "מלכי ישראל פינת אבן גבירול תל אביב יפו, פאתי כיכר רבין-אבן גבירול",
      "location": {
         "lat": 32.079471,
         "lng": 34.781357
      },
      "formatted": "שלמה אבן גבירול & מלכי ישראל, תל אביב יפו, ישראל",
      "city": "תל אביב יפו"
   },
   {
      "unformatted": "עין זיוון, מועדון לחבר",
      "location": {
         "lat": 33.09645,
         "lng": 35.796313
      },
      "formatted": "עין זיוון"
   },
   {
      "unformatted": "צפת, כיכר הסאריה",
      "location": {
         "lat": 32.964496,
         "lng": 35.4965917
      },
      "formatted": "צפת, ישראל",
      "city": "צפת"
   },
   {
      "unformatted": "עפרה, מבנה רב תכליתי רח דן",
      "location": {
         "lat": 31.949172,
         "lng": 35.263486
      },
      "formatted": "דן, עופרה",
      "city": "עופרה"
   },
   {
      "unformatted": "דרך השלום 27 נשר, מד\"א נשר, - תחנת מד\"א",
      "location": {
         "lat": 32.7676706,
         "lng": 35.0507673
      },
      "formatted": "דרך השלום 27, נשר, ישראל",
      "city": "נשר"
   },
   {
      "unformatted": "כרם בן זמרה, במועדון הכתום בג'ימבורי",
      "location": {
         "lat": 33.039224,
         "lng": 35.46988899999999
      },
      "formatted": "כרם בן זמרה, ישראל",
      "city": "צפת"
   },
   {
      "unformatted": "אחוזת ברק, במועדון ליד ביהכנ\"ס",
      "location": {
         "lat": 32.6436205,
         "lng": 35.3374299
      },
      "formatted": "אחוזת ברק, ישראל",
      "city": "יזרעאל"
   },
   {
      "unformatted": "טובא זנגריה, מרכז הצעירים",
      "location": {
         "lat": 32.96621,
         "lng": 35.592018
      },
      "formatted": "טובא זנגריה, ישראל",
      "city": "צפת"
   },
   {
      "unformatted": "גדות, במועדון",
      "location": {
         "lat": 33.018208,
         "lng": 35.619547
      },
      "formatted": "גדות"
   },
   {
      "unformatted": "א.ת. באר טוביה, ביג קרית מלאכי",
      "location": {
         "lat": 31.7280171,
         "lng": 34.7550479
      },
      "formatted": "באר טוביה, ישראל",
      "city": "באר טוביה"
   },
   {
      "unformatted": "מושב עין יהב עין יהב, מועדון לחבר",
      "location": {
         "lat": 30.658757,
         "lng": 35.239656
      },
      "formatted": "עין יהב, ישראל",
      "city": "עין יהב"
   },
   {
      "unformatted": "בית רימון, אולם תאנה",
      "location": {
         "lat": 32.781845,
         "lng": 35.327738
      },
      "formatted": "בית רימון, ישראל",
      "city": "בית רימון"
   },
   {
      "unformatted": "השלום אבו גוש, מתנס",
      "location": {
         "lat": 31.806293,
         "lng": 35.109193
      },
      "formatted": "אבו גוש, ישראל",
      "city": "מחוז ירושלים"
   },
   {
      "unformatted": "משהד, מרכז הצעירים",
      "location": {
         "lat": 32.738085,
         "lng": 35.323689
      },
      "city": "משהד"
   },
   {
      "unformatted": "עוזייר, מרכז צעירים בטופנא",
      "location": {
         "lat": 32.790614,
         "lng": 35.326882
      },
      "formatted": "עוזייר, ישראל",
      "city": "עוזייר"
   },
   {
      "unformatted": "דרך בגין 69 ראש העין, קריית חינוך ע\"ש יצחק רבין",
      "location": {
         "lat": 32.0696162,
         "lng": 34.7877574
      },
      "formatted": "דרך מנחם בגין, תל אביב יפו, ישראל",
      "city": "תל אביב יפו"
   },
   {
      "unformatted": "קרית שמונה, ליד קניון נחמיה",
      "location": {
         "lat": 33.221369,
         "lng": 35.575433
      },
      "formatted": "הנשיא 4, קרית שמונה, ישראל",
      "city": "קרית שמונה"
   },
   {
      "unformatted": "לוי אשכול פינת שלמה המלך קרית אונו, קניון קרית אונו",
      "location": {
         "lat": 32.0556168,
         "lng": 34.8636068
      },
      "formatted": "שלמה המלך 37, קרית אונו, ישראל",
      "city": "קרית אונו"
   },
   {
      "unformatted": "שד' לכיש קרית גת, מרכז מסחרי- מול קניון לב העיר",
      "location": {
         "lat": 31.6088873,
         "lng": 34.7729488
      },
      "formatted": "קרית גת, ישראל",
      "city": "קרית גת"
   },
   {
      "unformatted": "דולב, אולם שמחות-שכונת הדגל",
      "location": {
         "lat": 31.926249,
         "lng": 35.133591
      },
      "formatted": "דולב"
   },
   {
      "unformatted": "חיל השריון 6 ראשון לציון, שבט רעם",
      "location": {
         "lat": 31.998674,
         "lng": 34.740366
      },
      "formatted": "חיל השריון 6, ראשון לציון, ישראל",
      "city": "ראשון לציון"
   },
   {
      "unformatted": "נווה ירק, מועצת דרום השרון",
      "location": {
         "lat": 32.132729,
         "lng": 34.925488
      },
      "formatted": "נווה ירק, ישראל",
      "city": "פתח תקווה"
   },
   {
      "unformatted": "פסוטה, בית הקשיש",
      "location": {
         "lat": 33.04782,
         "lng": 35.308827
      },
      "formatted": "פסוטה, ישראל",
      "city": "עכו"
   },
   {
      "unformatted": "איתמר, מבנה של הגן מול גן שעשעוים",
      "location": {
         "lat": 32.176867,
         "lng": 35.308694
      },
      "city": "איתמר"
   },
   {
      "unformatted": "נוקדים, רב תכליתי",
      "location": {
         "lat": 31.645331,
         "lng": 35.244064
      },
      "formatted": "נוקדים",
      "city": "נוקדים"
   },
   {
      "unformatted": "אבני נזר 59 מודיעין עילית, אשכול פיס",
      "location": {
         "lat": 31.930604,
         "lng": 35.0397468
      },
      "formatted": "אבני נזר 59, מודיעין עילית",
      "city": "מודיעין עילית"
   },
   {
      "unformatted": "נוב, מועדון ליד ביהכ\"נס",
      "location": {
         "lat": 32.832852,
         "lng": 35.783574
      },
      "formatted": "נוב"
   },
   {
      "unformatted": "משכיות, מכינה קד\"צ",
      "location": {
         "lat": 32.317865,
         "lng": 35.502754
      },
      "formatted": "משכיות"
   },
   {
      "unformatted": "בן גוריון 2 רמת גן, מגדל ב.ס.ר 1",
      "location": {
         "lat": 32.0958382,
         "lng": 34.821559
      },
      "formatted": "דוד בן גוריון 2, רמת גן, ישראל",
      "city": "רמת גן"
   },
   {
      "unformatted": "יהושע יבין 8 ירושלים, סניף צופי שבט מצדה+מודיעין",
      "location": {
         "lat": 31.7689412,
         "lng": 35.2056438
      },
      "formatted": "יהושע ייבין, ירושלים, ישראל",
      "city": "ירושלים"
   },
   {
      "unformatted": "כרכום, מועדון",
      "location": {
         "lat": 32.928271,
         "lng": 35.606331
      },
      "formatted": "כרכום, ישראל",
      "city": "כרכום"
   },
   {
      "unformatted": "שד' הרצל 137 ירושלים, מינהל קהילתי-בית הכרם",
      "location": {
         "lat": 31.7768327,
         "lng": 35.1863789
      },
      "formatted": "שדרות הרצל 137, ירושלים, ישראל",
      "city": "ירושלים"
   },
   {
      "unformatted": "מצפה עדי",
      "location": {
         "lat": 32.782353,
         "lng": 35.173412
      },
      "formatted": "עדי, ישראל",
      "city": "מצפה עדי"
   },
   {
      "unformatted": "שדה אליהו, בית תרבות",
      "location": {
         "lat": 32.4418837,
         "lng": 35.5138048
      },
      "formatted": "שדה אליהו, ישראל",
      "city": "שדה אליהו"
   },
   {
      "unformatted": "בן גוריון 1 רמת גן, מגדל ב.ס.ר 2",
      "location": {
         "lat": 32.0959066,
         "lng": 34.8220344
      },
      "formatted": "דוד בן גוריון 1, בני ברק, ישראל",
      "city": "רמת גן"
   },
   {
      "unformatted": "הרב נריה 16 נתניה, צופי מזרח נתניה - שבט רמון",
      "location": {
         "lat": 32.2987846,
         "lng": 34.8788292
      },
      "formatted": "הרב נריה 16, נתניה, ישראל",
      "city": "נתניה"
   },
   {
      "unformatted": "זנגוויל 29 ירושלים, סניף צופי היובל",
      "location": {
         "lat": 31.768319,
         "lng": 35.21371
      },
      "formatted": "ירושלים, ישראל",
      "city": "ירושלים"
   },
   {
      "unformatted": "יפה ירקוני מול מספר 16 ראש העין, אולם הספורט ע\"ש שמעון פרס",
      "location": {
         "lat": 32.0857882,
         "lng": 34.9751668
      },
      "formatted": "יפה ירקוני 9, ראש העין, ישראל",
      "city": "ראש העין"
   },
   {
      "unformatted": "שדה אילן, בבית העם",
      "location": {
         "lat": 32.7505114,
         "lng": 35.4224306
      },
      "formatted": "שדה אילן, ישראל",
      "city": "כנרת"
   },
   {
      "unformatted": "כפר סבא, כיכר העיר",
      "location": {
         "lat": 32.177122,
         "lng": 34.903915
      },
      "formatted": "גן העיר, כפר סבא",
      "city": "כפר סבא"
   },
   {
      "unformatted": "כורזין גבעתיים, כורזין ליד בנק הפועלים",
      "location": {
         "lat": 32.0740343,
         "lng": 34.8082655
      },
      "formatted": "וייצמן 20, גבעתיים, 53100, ישראל",
      "city": "גבעתיים"
   },
   {
      "unformatted": "דרך החורש 205 ירושלים, בני עקיבא רמות",
      "location": {
         "lat": 31.8130581,
         "lng": 35.1917205
      },
      "formatted": "דרך החורש, ירושלים",
      "city": "ירושלים"
   },
   {
      "unformatted": "בית אלפא, מועדון",
      "location": {
         "lat": 32.516357,
         "lng": 35.430499
      },
      "formatted": "בית אלפא, ישראל",
      "city": "בית אלפא"
   },
   {
      "unformatted": "אומץ, בית העם",
      "location": {
         "lat": 32.369381,
         "lng": 34.993087
      },
      "city": "אומץ"
   },
   {
      "unformatted": "נעלה, במבנה הרב תכליתי (מתחת לבית הכנסת)",
      "location": {
         "lat": 31.962594,
         "lng": 35.065976
      },
      "formatted": "נעלה"
   },
   {
      "unformatted": "אילניה, חוות השומר",
      "location": {
         "lat": 32.761559,
         "lng": 35.403219
      },
      "formatted": "חוות השומר, ישראל",
      "city": "כנרת"
   },
   {
      "unformatted": "להבות הבשן, מועדון דורות",
      "location": {
         "lat": 33.1413889,
         "lng": 35.6450967
      },
      "formatted": "להבות הבשן, ישראל",
      "city": "להבות הבשן"
   },
   {
      "unformatted": "דגניה ב', בית פרומקין",
      "location": {
         "lat": 32.699249,
         "lng": 35.5745026
      },
      "formatted": "Unnamed Road, דגניה ב', ישראל",
      "city": "כנרת"
   },
   {
      "unformatted": "מרחביה מושב, מועדון המחלבה",
      "location": {
         "lat": 32.6029529,
         "lng": 35.3167127
      },
      "formatted": "מרחביה-מושב, ישראל",
      "city": "מרחביה"
   },
   {
      "unformatted": "אבני חפץ, אבני חפץ",
      "location": {
         "lat": 32.284628,
         "lng": 35.074551
      },
      "formatted": "אבני חפץ"
   },
   {
      "unformatted": "מעלה אפרים, מכינה בני דוד",
      "location": {
         "lat": 32.0680063,
         "lng": 35.40171
      },
      "formatted": "בני אפרים, מעלה אפרים",
      "city": "מעלה אפרים"
   },
   {
      "unformatted": "המייסדים 5 קרית אונו, הספייר העירונית",
      "location": {
         "lat": 32.0570635,
         "lng": 34.8571624
      },
      "formatted": "המייסדים 5, קרית אונו, ישראל",
      "city": "קרית אונו"
   },
   {
      "unformatted": "שוהם 10 עפולה, בית הנוער רובע יזרעאל",
      "location": {
         "lat": 32.6151603,
         "lng": 35.3074465
      },
      "formatted": "שוהם 10, עפולה, ישראל",
      "city": "עפולה"
   },
   {
      "unformatted": "ברעם, מועדון לחבר",
      "location": {
         "lat": 33.0602611,
         "lng": 35.4334987
      },
      "formatted": "ברעם, ישראל",
      "city": "צפת"
   },
   {
      "unformatted": "עומר, התרמה תתקיים ב\"בית המוסיקה\" רח' הדר עומר",
      "location": {
         "lat": 31.2634606,
         "lng": 34.8479858
      },
      "formatted": "עומר, ישראל",
      "city": "עומר"
   },
   {
      "unformatted": "ירוחם, התרמה בסניף בני עקיבא ירוחם- רח' אליהו הנביא-181",
      "location": {
         "lat": 30.9871202,
         "lng": 34.9281844
      },
      "formatted": "אליהו הנביא 181, ירוחם, ישראל",
      "city": "ירוחם"
   },
   {
      "unformatted": "אום אל פחם, ליד מזרקת אל נפורא",
      "location": {
         "lat": 32.523266,
         "lng": 35.1541579
      },
      "formatted": "חיפה, אום אל-פחם, ישראל",
      "city": "אום אל-פחם"
   },
   {
      "unformatted": "חיפה, אם וילד רמת ויז'ניץ - גברים",
      "location": {
         "lat": 32.798842,
         "lng": 35.004577
      },
      "formatted": "רמת ויז'ניץ, חיפה, ישראל",
      "city": "חיפה"
   },
   {
      "unformatted": "נהריה, געתון ליד המשביר",
      "location": {
         "lat": 33.006375,
         "lng": 35.0959084
      },
      "formatted": "שדרות הגעתון 22, נהריה, ישראל",
      "city": "נהריה"
   },
   {
      "unformatted": "באר שבע, התרמה בקרואן בפארק הסופרים בין רח' טשרנחובסקי לאיינשטיין",
      "location": {
         "lat": 31.252973,
         "lng": 34.791462
      },
      "formatted": "באר שבע, ישראל",
      "city": "באר שבע"
   },
   {
      "unformatted": "כפר סאלד, פינה חמה",
      "location": {
         "lat": 33.196035,
         "lng": 35.657993
      },
      "formatted": "כפר סאלד, ישראל",
      "city": "כפר סאלד"
   },
   {
      "unformatted": "עין עופרים 18 מצפה רמון, רק גברים במצפה",
      "location": {
         "lat": 30.61212949999999,
         "lng": 34.797841
      },
      "formatted": "עין עופרים 18, מצפה רמון, ישראל",
      "city": "מצפה רמון"
   },
   {
      "unformatted": "הפלמ\"ח 12 טירת כרמל, בית הכנסת אם הבנים",
      "location": {
         "lat": 32.7612167,
         "lng": 34.9744636
      },
      "formatted": "הפלמ\"ח 12, טירת כרמל, ישראל",
      "city": "טירת כרמל"
   },
   {
      "unformatted": "דליות 4 קצרין, ליד קניון לב קצרין",
      "location": {
         "lat": 32.994122,
         "lng": 35.690125
      },
      "formatted": "קניון לב קצרין, קצרין",
      "city": "קצרין"
   },
   {
      "unformatted": "עראבה, מרכז העיר",
      "location": {
         "lat": 32.853705,
         "lng": 35.337167
      },
      "formatted": "עראבה, ישראל",
      "city": "עראבה"
   },
   {
      "unformatted": "שעלבים, שעלבים",
      "location": {
         "lat": 31.870235,
         "lng": 34.984304
      },
      "formatted": "שעלבים, ישראל",
      "city": "רמלה"
   },
   {
      "unformatted": "שדה יצחק, מועדון",
      "location": {
         "lat": 32.4045994,
         "lng": 34.9948424
      },
      "formatted": "שדה יצחק, ישראל",
      "city": "שדה יצחק"
   },
   {
      "unformatted": "0246 9 ערד",
      "location": {
         "lat": 31.261447,
         "lng": 35.214862
      },
      "formatted": "ערד, ישראל",
      "city": "ערד"
   },
   {
      "unformatted": "כפר מימון, התרמה תתקיים במרכז חוגים בכפר מימון",
      "location": {
         "lat": 31.431401,
         "lng": 34.53718
      },
      "formatted": "כפר מימון, ישראל",
      "city": "כפר מימון"
   },
   {
      "unformatted": "דרך הרכבת 1 אשדוד, ביג פאשן אשדוד",
      "location": {
         "lat": 31.7766348,
         "lng": 34.6637991
      },
      "formatted": "דרך הרכבת 1, אשדוד, ישראל",
      "city": "אשדוד"
   },
   {
      "unformatted": "גולדה מאיר 6 חולון, רחבת המדיטק",
      "location": {
         "lat": 32.0119126,
         "lng": 34.7771164
      },
      "formatted": "גולדה מאיר 6, חולון, ישראל",
      "city": "חולון"
   },
   {
      "unformatted": "חיפה, רח' יצחק שדה 10, חיפה , - תחנת מד\"א",
      "location": {
         "lat": 32.8247594,
         "lng": 34.9881756
      },
      "formatted": "יצחק שדה 10, חיפה, ישראל",
      "city": "חיפה"
   },
   {
      "unformatted": "יבנאל, מתנ\"ס",
      "location": {
         "lat": 32.7047501,
         "lng": 35.503053
      },
      "formatted": "יבנאל, ישראל",
      "city": "יבנאל"
   },
   {
      "unformatted": "תל אביב יפו, דיזינגוף סנטר",
      "location": {
         "lat": 32.0750224,
         "lng": 34.7749395
      },
      "formatted": "דיזנגוף 50, תל אביב יפו, ישראל",
      "city": "תל אביב"
   },
   {
      "unformatted": "גבעת ברנר, במועדון חברים",
      "location": {
         "lat": 31.866533,
         "lng": 34.8007138
      },
      "formatted": "הפיקוסים, גבעת ברנר, ישראל",
      "city": "גבעת ברנר"
   },
   {
      "unformatted": "חולתה, מועדון",
      "location": {
         "lat": 33.052851,
         "lng": 35.609244
      },
      "formatted": "חולתה, ישראל",
      "city": "חולתה"
   },
   {
      "unformatted": "סדנא צנובר",
      "location": {
         "lat": 33.0076865,
         "lng": 35.6640418
      },
      "formatted": "סדנת צנובר",
      "city": "צנובר"
   },
   {
      "unformatted": "השייטים 5 יבנה, מתנ\"ס ליפקין שחק",
      "location": {
         "lat": 31.86762289999999,
         "lng": 34.7347638
      },
      "formatted": "יבנה, ישראל",
      "city": "יבנה"
   },
   {
      "unformatted": "מרבד הקסמים יהוד, ספרייה עירונית",
      "location": {
         "lat": 32.0316987,
         "lng": 34.8883779
      },
      "formatted": "רח` סעדיה חתוכה 41, יהוד, ישראל",
      "city": "יהוד"
   },
   {
      "unformatted": "דרך משה פלימן 4 חיפה, קניון חיפה מול קסטרו",
      "location": {
         "lat": 32.7896187,
         "lng": 34.9652439
      },
      "formatted": "דרך משה פלימן 4, חיפה, 3508416, ישראל",
      "city": "חיפה"
   },
   {
      "unformatted": "חיים משה שפירא 13 לוד, לוד",
      "location": {
         "lat": 31.9457218,
         "lng": 34.8963169
      },
      "formatted": "חיים משה שפירא 13, לוד, ישראל",
      "city": "לוד"
   },
   {
      "unformatted": "רבי עקיבא 2 גן יבנה, בני עקיבא גן יבנה",
      "location": {
         "lat": 31.783056,
         "lng": 34.703101
      },
      "formatted": "גן יבנה, ישראל",
      "city": "גן יבנה"
   },
   {
      "unformatted": "ערד, התרמה באולם גישור רח' רענן-9 ערד",
      "location": {
         "lat": 31.2503457,
         "lng": 35.2172541
      },
      "formatted": "רענן 9, ערד, ישראל",
      "city": "ערד"
   },
   {
      "unformatted": "התחיה 1 אשקלון, - תחנת מד\"א",
      "location": {
         "lat": 31.6617136,
         "lng": 34.5885552
      },
      "formatted": "בית ימין אשקלון, התחייה 1, אשקלון, ישראל",
      "city": "אשקלון"
   },
   {
      "unformatted": "יהודה בורלא 31 תל אביב יפו, קאנטרי למד",
      "location": {
         "lat": 32.1092057,
         "lng": 34.7903133
      },
      "formatted": "יהודה בורלא 31, תל אביב יפו, ישראל",
      "city": "תל אביב"
   },
   {
      "unformatted": "נאות מרדכי, בית-אכסי",
      "location": {
         "lat": 33.159785,
         "lng": 35.595602
      },
      "formatted": "נאות מרדכי, ישראל",
      "city": "נאות מרדכי"
   },
   {
      "unformatted": "מצדות יהודה, התרמה למכינה יתיר במצדות יהודה",
      "location": {
         "lat": 31.365586,
         "lng": 35.11134
      },
      "formatted": "מצדות יהודה"
   },
   {
      "unformatted": "שלו יד בנימין, יד בנימין",
      "location": {
         "lat": 31.798985,
         "lng": 34.8246942
      },
      "formatted": "שלו, יד בנימין, ישראל",
      "city": "יד בנימין"
   },
   {
      "unformatted": "ענב, ענב",
      "location": {
         "lat": 32.283594,
         "lng": 35.125198
      },
      "formatted": "עינב"
   },
   {
      "unformatted": "שבזי 22 תל אביב יפו, מרכז נווה צדק",
      "location": {
         "lat": 32.0618962,
         "lng": 34.7645538
      },
      "formatted": "שבזי 22, תל אביב יפו, ישראל",
      "city": "תל אביב"
   },
   {
      "unformatted": "דפנה, מועדון",
      "location": {
         "lat": 33.23075,
         "lng": 35.638268
      },
      "formatted": "דפנה, ישראל",
      "city": "דפנה"
   },
   {
      "unformatted": "סלמה, מתנ\"ס",
      "location": {
         "lat": 32.895347,
         "lng": 35.370184
      },
      "formatted": "סלאמה",
      "city": "סלאמה"
   },
   {
      "unformatted": "בת הדר, מועצה אזורית חוף אשקלון",
      "location": {
         "lat": 31.648125,
         "lng": 34.597146
      },
      "formatted": "בת הדר, ישראל",
      "city": "אשקלון"
   },
   {
      "unformatted": "דרך ההגנה 135 תל אביב יפו, מרכז קהילתי בארבור",
      "location": {
         "lat": 32.0536916,
         "lng": 34.8021862
      },
      "formatted": "דרך ההגנה 135, תל אביב יפו, ישראל",
      "city": "תל אביב"
   },
   {
      "unformatted": "קלישר 5 תל אביב יפו, כרם התימנים בית תמי",
      "location": {
         "lat": 32.0667929,
         "lng": 34.767894
      },
      "formatted": "קלישר 5, תל אביב יפו, ישראל",
      "city": "תל אביב"
   },
   {
      "unformatted": "דרזנר יחיאל 2 תל אביב יפו, רוזין",
      "location": {
         "lat": 32.1269371,
         "lng": 34.803983
      },
      "formatted": "יחיאל דב דרזנר 2, תל אביב יפו, ישראל",
      "city": "תל אביב"
   },
   {
      "unformatted": "דרך בגין מנחם 144 תל אביב יפו, ספורט השלום מידטאון",
      "location": {
         "lat": 32.0768528,
         "lng": 34.792631
      },
      "formatted": "דרך מנחם בגין 144, תל אביב יפו, ישראל",
      "city": "תל אביב"
   },
   {
      "unformatted": "הנגר 5ב הוד השרון, אותנטיקס",
      "location": {
         "lat": 32.1305005,
         "lng": 34.8934878
      },
      "formatted": "הנגר 5, הוד השרון, ישראל",
      "city": "הוד השרון"
   },
   {
      "unformatted": "דרך יצחק רבין 2 בית שמש, לובי כניסה בניין העירייה",
      "location": {
         "lat": 31.747717,
         "lng": 34.9930791
      },
      "formatted": "דרך יצחק רבין 2, בית שמש, ישראל",
      "city": "בית שמש"
   },
   {
      "unformatted": "קהילת קיוב 1 תל אביב יפו, הדר אפקה",
      "location": {
         "lat": 32.1141725,
         "lng": 34.8183943
      },
      "formatted": "קהילת קיוב 1, תל אביב יפו, ישראל",
      "city": "תל אביב"
   },
   {
      "unformatted": "ד.נ. גלבוע מולדת, חדר אוכל",
      "location": {
         "lat": 32.586196,
         "lng": 35.438941
      },
      "formatted": "מולדת, ישראל",
      "city": "מולדת"
   },
   {
      "unformatted": "המייסדים ניר גלים, מועדון לוותיק",
      "location": {
         "lat": 31.824549,
         "lng": 34.6820913
      },
      "formatted": "המייסדים, ניר גלים, ישראל",
      "city": "ניר גלים"
   },
   {
      "unformatted": "נשר, מתחם מבנה תל חנן ליד תחנת מוניות",
      "location": {
         "lat": 32.7782508,
         "lng": 35.0389685
      },
      "formatted": "דרך בר יהודה 147, נשר, ישראל",
      "city": "נשר"
   },
   {
      "unformatted": "כפר גלעדי, חדר האוכל",
      "location": {
         "lat": 33.242078,
         "lng": 35.574142
      },
      "formatted": "כפר גלעדי, ישראל",
      "city": "כפר גלעדי"
   },
   {
      "unformatted": "חיפה, מרכז חורב ליד מאפית אריאל",
      "location": {
         "lat": 32.7849957,
         "lng": 34.9864215
      },
      "formatted": "חורב 13, חיפה, ישראל",
      "city": "חיפה"
   },
   {
      "unformatted": "שקף, מכינה קד\"צ שקף",
      "location": {
         "lat": 31.51489,
         "lng": 34.937318
      },
      "formatted": "שקף, ישראל",
      "city": "שקף"
   },
   {
      "unformatted": "חצרים, התרמה לגף מטוסים",
      "location": {
         "lat": 31.2365243,
         "lng": 34.6574279
      },
      "formatted": "מועצה אזורית מרחבים, ישראל",
      "city": "חצרים"
   },
   {
      "unformatted": "גולדה מאיר 3-5 נס ציונה, מתחם גולדה מאיר",
      "location": {
         "lat": 31.9141017,
         "lng": 34.8023446
      },
      "formatted": "פארק המדע, גולדה מאיר 3, נס ציונה, ישראל",
      "city": "נס ציונה"
   },
   {
      "unformatted": "קרית המדע אריאל, קמפוס עליון- ליד הספריה",
      "location": {
         "lat": 32.104687,
         "lng": 35.2067166
      },
      "formatted": "קמפוס אוניברסיטת אריאל, אריאל",
      "city": "אריאל"
   },
   {
      "unformatted": "רכסים מכבים (צמוד לגן ויזו) מכבים רעות, ניצן מודיעין הורים",
      "location": {
         "lat": 31.903612906040628,
         "lng": 34.996921515787996
      },
      "formatted": "מכבים, ישראל",
      "city": "מכבים רעות"
   },
   {
      "unformatted": "שדרות אפרים 21 נס ציונה, בית הנוער",
      "location": {
         "lat": 31.9327981,
         "lng": 34.80440919999999
      },
      "formatted": "שדרות אפרים קומרוב 21, נס ציונה, ישראל",
      "city": "נס ציונה"
   },
   {
      "unformatted": "גלבוע 42 יבנה, מעגל נשים- יבנה",
      "location": {
         "lat": 31.876076,
         "lng": 34.749517
      },
      "formatted": "42, יבנה, ישראל",
      "city": "יבנה"
   },
   {
      "unformatted": "הר ברכה",
      "location": {
         "lat": 32.193264,
         "lng": 35.264885
      },
      "formatted": "ברכה",
      "city": "ברכה"
   },
   {
      "unformatted": "שד' יצחק רבין 7 ראשון לציון, מכללה למינהל ראשל\"צ",
      "location": {
         "lat": 31.969738,
         "lng": 34.7727872
      },
      "formatted": "אלי ויזל 2, ראשון לציון, ישראל",
      "city": "ראשון לציון"
   },
   {
      "unformatted": "29 כפר רתמים",
      "location": {
         "lat": 31.05401,
         "lng": 34.690902
      },
      "formatted": "רתמים, ישראל",
      "city": "רתמים"
   },
   {
      "unformatted": "ש\"ד גולדה מאיר 109 נתניה, בי\"ס אלדד נתניה",
      "location": {
         "lat": 32.2779609,
         "lng": 34.8547964
      },
      "formatted": "נאות גולדה 901, נתניה, ישראל",
      "city": "נתניה"
   },
   {
      "unformatted": "דוד אלעזר 3 כפר סבא, קניון ערים",
      "location": {
         "lat": 32.1768714,
         "lng": 34.9040668
      },
      "formatted": "דוד אלעזר, כפר סבא, ישראל",
      "city": "כפר סבא"
   },
   {
      "unformatted": "כפר סבא, כיכר העיר",
      "location": {
         "lat": 32.177122,
         "lng": 34.903915
      },
      "formatted": "גן העיר, כפר סבא",
      "city": "כפר סבא"
   },
   {
      "unformatted": "להבים, מרכז להבים",
      "location": {
         "lat": 31.373751,
         "lng": 34.8093518
      },
      "formatted": "שדרות רימון 1, להבים, ישראל",
      "city": "להבים"
   },
   {
      "unformatted": "מרכז מסחרי אשקלון, קוסמוס אשקלון",
      "location": {
         "lat": 31.6748007,
         "lng": 34.6060214
      },
      "formatted": "פאוור סנטר צומת סילוור, אשקלון, ישראל",
      "city": "אשקלון"
   },
   {
      "unformatted": "צפת, המרכז הרפואי זיו",
      "location": {
         "lat": 32.954157,
         "lng": 35.492657
      },
      "formatted": "דרך הרמב\"ם, צפת, ישראל",
      "city": "צפת"
   },
   {
      "unformatted": "בר כוכבא 54 תל אביב יפו, רחבת ביהכנ\"ס- גבורת ישראל",
      "location": {
         "lat": 32.0768444,
         "lng": 34.775197
      },
      "formatted": "בר כוכבא 54, תל אביב יפו, ישראל",
      "city": "תל אביב יפו"
   },
   {
      "unformatted": "כיסרא סומיע, בית העם",
      "location": {
         "lat": 32.9674081,
         "lng": 35.30249
      },
      "formatted": "כיסרא סומיע, ישראל",
      "city": "כיסרא סומיע"
   },
   {
      "unformatted": "פלך, מועדון",
      "location": {
         "lat": 32.933476,
         "lng": 35.233976
      },
      "city": "פלך"
   },
   {
      "unformatted": "חורפיש, היכל התרבות",
      "location": {
         "lat": 33.0166132,
         "lng": 35.3467561
      },
      "formatted": "1, Hurfeish, ישראל",
      "city": "חורפיש"
   },
   {
      "unformatted": "נווה, מועדון נווה",
      "location": {
         "lat": 31.162397,
         "lng": 34.335239
      },
      "city": "נווה"
   },
   {
      "unformatted": "דימונה, בני עקיבא דימונה",
      "location": {
         "lat": 31.067174,
         "lng": 35.0324129
      },
      "formatted": "שדרות הרצל 100, דימונה, ישראל",
      "city": "דימונה"
   },
   {
      "unformatted": "בית ג'ן, בית העם",
      "location": {
         "lat": 32.9656034,
         "lng": 35.3786212
      },
      "formatted": "בית ג'ן, ישראל",
      "city": "בית ג'ן"
   },
   {
      "unformatted": "בית העם",
      "location": {
         "lat": 31.8965818,
         "lng": 34.8164685
      },
      "formatted": "יעקב 48, רחובות, ישראל",
      "city": "בית העם"
   },
   {
      "unformatted": "אבו סנאן, אולה סנטר",
      "location": {
         "lat": 32.95803,
         "lng": 35.171969
      },
      "formatted": "אבו סנאן, ישראל",
      "city": "אבו סנאן"
   },
   {
      "unformatted": "עין אל אסד, בנין ועד מקומי",
      "location": {
         "lat": 32.940754,
         "lng": 35.401027
      },
      "formatted": "עין אל-אסד, ישראל",
      "city": "עין אל אסד"
   },
   {
      "unformatted": "טבריה, תחנה מרכזית רציף נסיעות מיוחדות ליד רציף 3",
      "location": {
         "lat": 32.787514,
         "lng": 35.536816
      },
      "formatted": "ת. מרכזית טבריה/רציפים, טבריה, ישראל",
      "city": "טבריה"
   },
   {
      "unformatted": "ההסתדרות 40 אשקלון, קניון לב אשקלון",
      "location": {
         "lat": 31.6549988,
         "lng": 34.5562172
      },
      "formatted": "ההסתדרות 40, אשקלון, 7817100, ישראל",
      "city": "אשקלון"
   },
   {
      "unformatted": "הרב גולד 14 כפר סבא, מרכז קהילה ונוער עציון",
      "location": {
         "lat": 32.18013,
         "lng": 34.9146966
      },
      "formatted": "הרב גולד 14, כפר סבא, ישראל",
      "city": "כפר סבא"
   },
   {
      "unformatted": "עין קנייא, מרפאה מאוחדת של דר' פריד",
      "location": {
         "lat": 33.236157,
         "lng": 35.730388
      },
      "formatted": "עין קניא, עין קיניא",
      "city": "עין קנייא"
   },
   {
      "unformatted": "בוקעתא, ליד המועצה",
      "location": {
         "lat": 33.2026572,
         "lng": 35.7767723
      },
      "formatted": "בוקעאתא",
      "city": "בוקעתא"
   },
   {
      "unformatted": "ד.נ. נחל שורק יד בנימין, אולם פייס",
      "location": {
         "lat": 31.7978992,
         "lng": 34.8228035
      },
      "formatted": "יד בנימין, ישראל",
      "city": "יד בנימין"
   },
   {
      "unformatted": "חצרים, מועדון",
      "location": {
         "lat": 31.2390587,
         "lng": 34.7167409
      },
      "formatted": "חצרים, 8542000, ישראל",
      "city": "חצרים"
   },
   {
      "unformatted": "אילת",
      "location": {
         "lat": 29.557669,
         "lng": 34.951925
      },
      "formatted": "אילת, ישראל",
      "city": "אילת"
   },
   {
      "unformatted": "דרך מנחם בגין שדרות, מתחם מול 7 שדרות",
      "location": {
         "lat": 31.5163161,
         "lng": 34.5893062
      },
      "formatted": "דרך מנחם בגין, שדרות, ישראל",
      "city": "שדרות"
   },
   {
      "unformatted": "מגאר, אולם הספורט מנסורה",
      "location": {
         "lat": 32.890704,
         "lng": 35.40461
      },
      "formatted": "מע'אר, ישראל",
      "city": "מגאר"
   },
   {
      "unformatted": "ויצמן 63 כפר סבא, כיכר העיר",
      "location": {
         "lat": 32.1773179,
         "lng": 34.9033483
      },
      "formatted": "ויצמן 63, כפר סבא, ישראל",
      "city": "כפר סבא"
   },
   {
      "unformatted": "מצפה אבי''ב, מועדון החדש",
      "location": {
         "lat": 32.838124,
         "lng": 35.2013745
      },
      "formatted": "מצפה אבי\"ב, ישראל",
      "city": "מצפה אבי''ב"
   },
   {
      "unformatted": "דייר חנא, בי\"ס יסודי ב'",
      "location": {
         "lat": 32.862316,
         "lng": 35.365253
      },
      "formatted": "ישוב, דיר חנא, ישראל",
      "city": "דייר חנא"
   },
   {
      "unformatted": "מבשרת ציון, קניון הראל",
      "location": {
         "lat": 31.7999776,
         "lng": 35.1489901
      },
      "formatted": "הראל 1, מבשרת ציון, ישראל",
      "city": "מבשרת ציון"
   },
   {
      "unformatted": "ראמה, בית העם",
      "location": {
         "lat": 32.939358,
         "lng": 35.368626
      },
      "formatted": "ראמה בית העם, ראמה, ישראל",
      "city": "ראמה"
   },
   {
      "unformatted": "אילת, התרמה באולם ספורט בית הפועל רח' האשל אילת",
      "location": {
         "lat": 29.5568727,
         "lng": 34.9482668
      },
      "formatted": "אילת, ישראל",
      "city": "אילת"
   },
   {
      "unformatted": "אחולה 4 רמת גן, בית ספר ארנון אולם הספורט",
      "location": {
         "lat": 32.060855,
         "lng": 34.831057
      },
      "formatted": "ארנון, רמת גן, ישראל",
      "city": "רמת גן"
   },
   {
      "unformatted": "מסעדה, ליד תחנת מד\"א",
      "location": {
         "lat": 33.23053513049571,
         "lng": 35.756072096660375
      },
      "formatted": "מסעדה",
      "city": "מסעדה"
   },
   {
      "unformatted": "התחיה 1 אשקלון, תחנה , - תחנת מד\"א",
      "location": {
         "lat": 31.6617136,
         "lng": 34.5885552
      },
      "formatted": "בית ימין אשקלון, התחייה 1, אשקלון, ישראל",
      "city": "אשקלון"
   },
   {
      "unformatted": "מג'דל שמס, ליד טיפת חלב",
      "location": {
         "lat": 33.2690961,
         "lng": 35.772122
      },
      "formatted": "מג'דל א-שמס",
      "city": "מג'דל שמס"
   },
   {
      "unformatted": "סירני 50 רחובות, אולם ספורט ע\"ש אוסי וזוהר",
      "location": {
         "lat": 31.9009438,
         "lng": 34.8214951
      },
      "formatted": "רחובות, ישראל",
      "city": "רחובות"
   },
   {
      "unformatted": "כנפי ישרים 64 ירושלים, חברת סיוון",
      "location": {
         "lat": 31.7874726,
         "lng": 35.181783
      },
      "formatted": "כנפי נשרים 64, ירושלים, ישראל",
      "city": "ירושלים"
   },
   {
      "unformatted": "רמת צבי, בית העם",
      "location": {
         "lat": 32.5914077,
         "lng": 35.4148618
      },
      "formatted": "רמת צבי, ישראל",
      "city": "רמת צבי"
   },
   {
      "unformatted": "מצדות יהודה, ישוב בית יתיר ( יתיר)מצדות יהודה",
      "location": {
         "lat": 31.365586,
         "lng": 35.11134
      },
      "formatted": "מצדות יהודה",
      "city": "מצדות יהודה"
   },
   {
      "unformatted": "ד.נ. נגב נחל עוז, במועדון הקיבוץ",
      "location": {
         "lat": 31.47267999999999,
         "lng": 34.497675
      },
      "formatted": "נחל עוז, ישראל",
      "city": "נחל עוז"
   },
   {
      "unformatted": "העצמאות 37 ראשון לציון, שכונת נחלת יהודה",
      "location": {
         "lat": 31.9813525,
         "lng": 34.801206
      },
      "formatted": "העצמאות 37, ראשון לציון ראשון לציון IL Rishon LeTsiyon, Rishon LeTsiyon, 7545029, ישראל",
      "city": "ראשון לציון"
   },
   {
      "unformatted": "פרוג 1 כפר סבא, מרכז קהילה ונוער לזרוס",
      "location": {
         "lat": 32.19155960000001,
         "lng": 34.8966292
      },
      "formatted": "רינגלבלום 44, כפר סבא, ישראל",
      "city": "כפר סבא"
   },
   {
      "unformatted": "מבוא חורון, אולם שמחות",
      "location": {
         "lat": 31.8495244,
         "lng": 35.0362008
      },
      "formatted": "מבוא חורון",
      "city": "מבוא חורון"
   },
   {
      "unformatted": "לוחמי הגיטאות 2 ירושלים, כפר הסטודנטים אונ' הר הצופים",
      "location": {
         "lat": 31.8007105,
         "lng": 35.2383335
      },
      "formatted": "ירושלים",
      "city": "ירושלים"
   },
   {
      "unformatted": "כפר חיטים, מועדון",
      "location": {
         "lat": 32.8000521,
         "lng": 35.5007265
      },
      "formatted": "31 חיטה כפר חיטים, כפר חיטים, ישראל",
      "city": "כפר חיטים"
   },
   {
      "unformatted": "אלקנה, בנין המועצה",
      "location": {
         "lat": 32.110566,
         "lng": 35.032054
      },
      "formatted": "אלקנה",
      "city": "אלקנה"
   },
   {
      "unformatted": "שפירא 11 רמת גן, רחבת כיבוי",
      "location": {
         "lat": 32.0804667,
         "lng": 34.8050499
      },
      "formatted": "שפירא 11, רמת גן, ישראל",
      "city": "רמת גן"
   },
   {
      "unformatted": "רמבם פינת נתיבות",
      "location": {
         "lat": 31.4238589,
         "lng": 34.5927859
      },
      "formatted": "הרמב\"ם 5, נתיבות, ישראל",
      "city": "נתיבות"
   },
   {
      "unformatted": "שלם 22 רמת גן, במת השקמה",
      "location": {
         "lat": 32.0474495,
         "lng": 34.8145366
      },
      "formatted": "שלם 32, רמת גן, ישראל",
      "city": "רמת גן"
   },
   {
      "unformatted": "אביעד ילין 14 ראשון לציון, מרכז קהילתי \"גני ראשון\"",
      "location": {
         "lat": 31.9640967,
         "lng": 34.8222769
      },
      "formatted": "אביעזר ילין 14, ראשון לציון, ישראל",
      "city": "ראשון לציון"
   },
   {
      "unformatted": "החייל 16 רמת גן, אולם של אשכול גנים",
      "location": {
         "lat": 32.0859961,
         "lng": 34.8171647
      },
      "formatted": "החייל האלמוני 16, רמת גן, ישראל",
      "city": "רמת גן"
   },
   {
      "unformatted": "חיל הצנחנים 5 ראשון לציון, מרכז קהילתי \"נווה חוף\"",
      "location": {
         "lat": 31.9947512,
         "lng": 34.741307
      },
      "formatted": "חיל הצנחנים 5, ראשון לציון, ישראל",
      "city": "ראשון לציון"
   },
   {
      "unformatted": "באר שבע, מרחב הנגב",
      "location": {
         "lat": 31.2460895,
         "lng": 34.7817274
      },
      "formatted": "באר שבע, ישראל",
      "city": "באר שבע"
   },
   {
      "unformatted": "חיבת ציון 16 רמת גן, תיאטרון רמת גן",
      "location": {
         "lat": 32.0789835,
         "lng": 34.8217602
      },
      "formatted": "חיבת ציון 16, רמת גן, 5240808, ישראל",
      "city": "רמת גן"
   },
   {
      "unformatted": "נחל צלמון 21 מודיעין מכבים רעות, אולפנת בני עקיבא אורות",
      "location": {
         "lat": 31.8907049,
         "lng": 35.0096123
      },
      "formatted": "נחל צלמון 21, מודיעין מכבים רעות, ישראל",
      "city": "מודיעין מכבים רעות"
   },
   {
      "unformatted": "היקב 9 ראשון לציון, שכונת כרמים",
      "location": {
         "lat": 31.97194439999999,
         "lng": 34.7783232
      },
      "formatted": "היקב 6, ראשון לציון, ישראל",
      "city": "ראשון לציון"
   },
   {
      "unformatted": "כליל החורש גבעון החדשה, אולם אירועים",
      "location": {
         "lat": 31.8177416,
         "lng": 35.1164877
      },
      "formatted": "מעלה החמישה, ישראל",
      "city": "גבעון החדשה"
   },
   {
      "unformatted": "ההרדוף 5 ראשון לציון, מרכז קהילתי \"קרית ראשון\"",
      "location": {
         "lat": 31.9709109,
         "lng": 34.7853756
      },
      "formatted": "ההרדוף 5, ראשון לציון, ישראל",
      "city": "ראשון לציון"
   },
   {
      "unformatted": "חיים בר-לב 8 ראשון לציון, מרכז הקהילתי שיקמה",
      "location": {
         "lat": 31.9775,
         "lng": 34.765
      },
      "formatted": "חיים בר-לב 8, ראשון לציון, ישראל",
      "city": "ראשון לציון"
   },
   {
      "unformatted": "אברבנאל 30 ראשון לציון, שכונת רוזן",
      "location": {
         "lat": 31.9658527,
         "lng": 34.8153414
      },
      "formatted": "אברבנאל 30, ראשון לציון, ישראל",
      "city": "ראשון לציון"
   },
   {
      "unformatted": "האחד עשר 35 פינת כתריאל ראשון לציון, מרכז קהילתי רביבים",
      "location": {
         "lat": 31.9660336,
         "lng": 34.8216679
      },
      "formatted": "האחד עשר 35, ראשון לציון, ישראל",
      "city": "ראשון לציון"
   },
   {
      "unformatted": "אושה 18 ראשון לציון, מרכז קהילתי קרית גנים",
      "location": {
         "lat": 31.9641754,
         "lng": 34.7767704
      },
      "formatted": "Negba St. 12, ראשון לציון, ישראל",
      "city": "ראשון לציון"
   },
   {
      "unformatted": "פקיעין, בית העם",
      "location": {
         "lat": 32.9758731,
         "lng": 35.3320379
      },
      "formatted": "פקיעין, ישראל",
      "city": "פקיעין"
   },
   {
      "unformatted": "פלך, מועדון חדש",
      "location": {
         "lat": 32.1333347,
         "lng": 34.7944823
      },
      "formatted": "שושנה פרסיץ 9, תל אביב יפו, ישראל",
      "city": "פלך"
   },
   {
      "unformatted": "פרדס חנה כרכור, במרכז ליד הדואר",
      "location": {
         "lat": 32.4750891,
         "lng": 34.9737915
      },
      "formatted": "דרך הבנים 16, פרדס חנה כרכור, ישראל",
      "city": "פרדס חנה כרכור"
   },
   {
      "unformatted": "סאג'ור, מתנ\"ס",
      "location": {
         "lat": 32.9406291,
         "lng": 35.3445358
      },
      "formatted": "סאג'ור, ישראל",
      "city": "סאג'ור"
   },
   {
      "unformatted": "גולומב 47 חיפה, בי\"ח בני ציון בלובי",
      "location": {
         "lat": 32.8056092,
         "lng": 34.9925934
      },
      "formatted": "שדרות אליהו גולומב 47, חיפה, ישראל",
      "city": "חיפה"
   },
   {
      "unformatted": "משה דיין 6 פתח תקווה, חברת המזרח",
      "location": {
         "lat": 32.0933116,
         "lng": 34.8623543
      },
      "formatted": "משה דיין 6 פתח תקווה",
      "city": "פתח תקווה"
   },
   {
      "unformatted": "השלום חדרה, בי\"ח הלל יפה חדרה בנין א ליד האקווריום",
      "location": {
         "lat": 32.45149405096716,
         "lng": 34.89589602014309
      },
      "formatted": "ביח הלל יפה, חדרה",
      "city": "חדרה"
   },
   {
      "unformatted": "החשמונאים 96 תל אביב יפו, קניון T.L.V",
      "location": {
         "lat": 32.0689136,
         "lng": 34.7838926
      },
      "formatted": "החשמונאים 96, תל אביב יפו, ישראל",
      "city": "תל אביב יפו"
   },
   {
      "unformatted": "קמפוס עליון בניין 4 אריאל, אוניברסיטה אריאל",
      "location": {
         "lat": 32.105001,
         "lng": 35.21148
      },
      "formatted": "קמפוס עליון, אריאל",
      "city": "אריאל"
   },
   {
      "unformatted": "ירכא, במועצה המקומית",
      "location": {
         "lat": 32.953492,
         "lng": 35.21199
      },
      "formatted": "ירכא, ישראל",
      "city": "ירכא"
   },
   {
      "unformatted": "עספיא, בית העם הישן",
      "location": {
         "lat": 32.725637149620844,
         "lng": 35.05335968944731
      },
      "formatted": "עספיא בית העם",
      "city": "עספיא"
   },
   {
      "unformatted": "דאלית אל כרמל, קניון עלי מול",
      "location": {
         "lat": 32.6990965,
         "lng": 35.0573019
      },
      "formatted": "672, דאלית אל-כרמל, ישראל",
      "city": "דאלית אל כרמל"
   },
   {
      "unformatted": "באקה אל ע'רביה, כיכר אל מנרה",
      "location": {
         "lat": 32.4261814,
         "lng": 35.0331229
      },
      "formatted": "וייצמן/ט, ו, באקה אל-ע'רביה, ישראל",
      "city": "באקה אל ע'רביה"
   },
   {
      "unformatted": "שפרעם, בית העם",
      "location": {
         "lat": 32.80576500000001,
         "lng": 35.169971
      },
      "formatted": "אזור התעשיה, שפרעם, ישראל",
      "city": "שפרעם"
   },
   {
      "unformatted": "בית אריה, מועדון גימלאים",
      "location": {
         "lat": 32.03327,
         "lng": 35.05064
      },
      "formatted": "1, Beit Aryeh-Ofarim",
      "city": "בית אריה"
   },
   {
      "unformatted": "דגניה א', מרפאה",
      "location": {
         "lat": 32.70781217634186,
         "lng": 35.57815828045039
      },
      "formatted": "דגניה א'",
      "city": "דגניה א'"
   },
   {
      "unformatted": "נוף הגליל, בית המשפט נצרת עלית",
      "location": {
         "lat": 32.700745576670435,
         "lng": 35.30923017595596
      },
      "formatted": "בית משפט נוף הגליל",
      "city": "נוף הגליל"
   },
   {
      "unformatted": "יסוד המעלה, בית ראשונים",
      "location": {
         "lat": 33.06085079318132,
         "lng": 35.60596414716416
      },
      "formatted": "יסוד המעלה",
      "city": "יסוד המעלה"
   },
   {
      "unformatted": "בוקעתא, בי\"ס חטיבת ביניים",
      "location": {
         "lat": 33.20337456944213,
         "lng": 35.77698692338543
      },
      "formatted": "בוקעתא, ישראל",
      "city": "בוקעתא"
   },
   {
      "unformatted": "מסעדה, בית העם",
      "location": {
         "lat": 33.23242082285659,
         "lng": 35.75555376442177
      },
      "formatted": "מסעדה",
      "city": "מסעדה"
   },
   {
      "unformatted": "עין קנייא, במרכז הרווחה",
      "location": {
         "lat": 33.23736139536688,
         "lng": 35.731306246649545
      },
      "formatted": "עין קנייא",
      "city": "עין קנייא"
   },
   {
      "unformatted": "האלונים 33 יקנעם, בית הנוער",
      "location": {
         "lat": 32.6479221,
         "lng": 35.0948863
      },
      "formatted": "האלונים 33, יוקנעם עילית, ישראל",
      "city": "יקנעם"
   },
   {
      "unformatted": "בוטיק מעצבים קומה 1- תל אביב יפו, דיזינגוף סנטר",
      "location": {
         "lat": 32.0750224,
         "lng": 34.7749395
      },
      "formatted": "דיזנגוף 50, תל אביב יפו, ישראל",
      "city": "תל אביב יפו"
   },
   {
      "unformatted": "מחניים, דיוק הידראוליקה",
      "location": {
         "lat": 32.988875,
         "lng": 35.571086
      },
      "formatted": "מחניים, ישראל",
      "city": "מחניים"
   },
   {
      "unformatted": "בין הקמפוסים ליד בניין בין מולקולרי אריאל, אוניברסיטת אריאל",
      "location": {
         "lat": 32.1054395,
         "lng": 35.2115866
      },
      "formatted": "קריית המדע 3, אריאל",
      "city": "אריאל"
   },
   {
      "unformatted": "סעדיה חתוכה 41 יהוד, ספרייה עירונית",
      "location": {
         "lat": 32.0316987,
         "lng": 34.8883779
      },
      "formatted": "רח` סעדיה חתוכה 41, יהוד, ישראל",
      "city": "יהוד"
   },
   {
      "unformatted": "אילת, התרמה באילת אולם ספורט בית הפועל רח' האשל",
      "location": {
         "lat": 29.5568727,
         "lng": 34.9482668
      },
      "formatted": "אילת, ישראל",
      "city": "אילת"
   },
   {
      "unformatted": "רחל המשוררת 1 גן יבנה, מועדון הנקודה",
      "location": {
         "lat": 31.7910756,
         "lng": 34.7024297
      },
      "formatted": "רחל המשוררת, גן יבנה, ישראל",
      "city": "גן יבנה"
   },
   {
      "unformatted": "קפלן תל אביב יפו, עזריאלי בלובי הכניסה בשער קפלן",
      "location": {
         "lat": 32.0727965,
         "lng": 34.7861549
      },
      "formatted": "ארניה אסוולדו 6, תל אביב יפו, ישראל",
      "city": "תל אביב יפו"
   },
   {
      "unformatted": "מג'דל שמס, בי\"ס יסודי ג'",
      "location": {
         "lat": 33.268219,
         "lng": 35.770349
      },
      "formatted": "מגדל שמס, מג'דל א-שמס, 1243800",
      "city": "מג'דל שמס"
   },
   {
      "unformatted": "אופקים, מד\"א אופקים",
      "location": {
         "lat": 31.3183686,
         "lng": 34.6205676
      },
      "formatted": "ז'בוטינסקי 1, אופקים, ישראל",
      "city": "אופקים"
   },
   {
      "unformatted": "ג'ת ליד כרמיאל, מתנ\"ס",
      "location": {
         "lat": 32.9018876,
         "lng": 35.27645529999999
      },
      "formatted": "חטיבת יפתח 200, כרמיאל, ישראל",
      "city": "ג'ת ליד כרמיאל"
   },
   {
      "unformatted": "יאנוח, בית העם",
      "location": {
         "lat": 32.9741227,
         "lng": 35.2331583
      },
      "formatted": "יאנוח ג'ת, ישראל",
      "city": "יאנוח"
   },
   {
      "unformatted": "המייסדים 5 קרית אונו, הספיירה העירונית",
      "location": {
         "lat": 32.0570635,
         "lng": 34.8571624
      },
      "formatted": "המייסדים 5, קרית אונו, ישראל",
      "city": "קרית אונו"
   },
   {
      "unformatted": "החולה 4 רמת גן, בית ספר ארנון אולם הספורט",
      "location": {
         "lat": 32.06059020000001,
         "lng": 34.833538
      },
      "formatted": "עמק החולה 4, רמת גן, ישראל",
      "city": "רמת גן"
   },
   {
      "unformatted": "ביג כרמיאל",
      "location": {
         "lat": 32.9271698,
         "lng": 35.323513
      },
      "formatted": "מעלה כמון 2, כרמיאל, ישראל",
      "city": "ביג כרמיאל"
   },
   {
      "unformatted": "שובל",
      "location": {
         "lat": 31.413734,
         "lng": 34.745814
      },
      "formatted": "שובל, ישראל",
      "city": "שובל"
   },
   {
      "unformatted": "דרך הדרום קרית גת, ביג קרית גת",
      "location": {
         "lat": 31.6031047,
         "lng": 34.77151560000001
      },
      "formatted": "דרך הדרום 3, קרית גת, ישראל",
      "city": "קרית גת"
   },
   {
      "unformatted": "עמנואל, מגרש בית ספר חב\"ד בנות",
      "location": {
         "lat": 32.2944615,
         "lng": 34.8535965
      },
      "formatted": "נחמה וינר 5, נתניה, ישראל",
      "city": "עמנואל"
   },
   {
      "unformatted": "מיתר, במרכז העיר ליד הסופר",
      "location": {
         "lat": 31.327011,
         "lng": 34.943213
      },
      "formatted": "מיתר, ישראל",
      "city": "מיתר"
   },
   {
      "unformatted": "מועדון הפיס תקוע, מועדון הפיס",
      "location": {
         "lat": 31.651449,
         "lng": 35.2270374
      },
      "formatted": "Tko'a",
      "city": "תקוע"
   },
   {
      "unformatted": "התחיה 1 אשקלון, תחנת מ.ד.א אשקלון , - תחנת מד\"א",
      "location": {
         "lat": 31.6617136,
         "lng": 34.5885552
      },
      "formatted": "בית ימין אשקלון, התחייה 1, אשקלון, ישראל",
      "city": "אשקלון"
   },
   {
      "unformatted": "שושנה דמארי 16 רמלה, קופת חולים מכבי",
      "location": {
         "lat": 31.91605869999999,
         "lng": 34.8708328
      },
      "formatted": "שושנה דמארי 16, רמלה, ישראל",
      "city": "רמלה"
   },
   {
      "unformatted": "חיפה, בית הכנסת המרכזי - רח' מוליבר מול הדואר קרית שמואל",
      "location": {
         "lat": 32.8336513,
         "lng": 35.0677094
      },
      "formatted": "מוהליבר 14, חיפה, ישראל",
      "city": "חיפה"
   },
   {
      "unformatted": "שאול המלך בית שאן, כיכר הקרח",
      "location": {
         "lat": 32.497103,
         "lng": 35.497336
      },
      "formatted": "סראיה, בית שאן, ישראל",
      "city": "בית שאן"
   },
   {
      "unformatted": "זרזיר, ליד המועצה המקומית",
      "location": {
         "lat": 32.7274136,
         "lng": 35.2247986
      },
      "formatted": "זרזיר, ישראל",
      "city": "זרזיר"
   },
   {
      "unformatted": "ג'יש, מרכז הכפר ליד מסעדת האנטר",
      "location": {
         "lat": 33.0223304,
         "lng": 35.4463912
      },
      "formatted": "ג'יש, ישראל",
      "city": "ג'יש"
   },
   {
      "unformatted": "דבוריה, בכניסה ליד בנק לאומי",
      "location": {
         "lat": 32.6943914,
         "lng": 35.3685008
      },
      "formatted": "דבוריה, ישראל",
      "city": "דבוריה"
   },
   {
      "unformatted": "אבא סילבר 2 ראשון לציון, שכונת נווה ים- רמת אליהו",
      "location": {
         "lat": 31.9845376,
         "lng": 34.786308
      },
      "formatted": "אבא הלל סילבר 2, ראשון לציון, ישראל",
      "city": "ראשון לציון"
   },
   {
      "unformatted": "מג'דל שמס, בי\"ס יסודי אלמנהאל",
      "location": {
         "lat": 33.2696617,
         "lng": 35.7723482
      },
      "formatted": "מג'דל א-שמס",
      "city": "מג'דל שמס"
   },
   {
      "unformatted": "ז'בוטינסקי 7 רמת גן, מגדל משה אביב - רמת גן",
      "location": {
         "lat": 32.0834274,
         "lng": 34.8036575
      },
      "formatted": "רחוב זאב ז'בוטינסקי 7, רמת גן, ישראל",
      "city": "רמת גן"
   },
   {
      "unformatted": "משואות יצחק, משואות יצחק",
      "location": {
         "lat": 31.70261,
         "lng": 34.689968
      },
      "formatted": "משואות יצחק, ישראל",
      "city": "משואות יצחק"
   },
   {
      "unformatted": "כמהין, התרמה למכינה באשלים",
      "location": {
         "lat": 30.910327,
         "lng": 34.430725
      },
      "formatted": "כמהין, ישראל",
      "city": "כמהין"
   },
   {
      "unformatted": "אביאור 7-11 חדרה, קרוואן בכניסה לתחנת מדא חדרה",
      "location": {
         "lat": 32.4445161,
         "lng": 34.9228603
      },
      "formatted": "אביאור 7-11, חדרה, ישראל",
      "city": "חדרה"
   },
   {
      "unformatted": "כפר חרוב, מבנה הבגדיה",
      "location": {
         "lat": 32.762357,
         "lng": 35.66418
      },
      "formatted": "כפר חרוב",
      "city": "כפר חרוב"
   },
   {
      "unformatted": "כחל, מועדון",
      "location": {
         "lat": 32.891254,
         "lng": 35.50892899999999
      },
      "formatted": "ארבל 76, כחל, 1238700, ישראל",
      "city": "כחל"
   },
   {
      "unformatted": "קרית המדע 5 ירושלים, גנים טכנולוגיים-הר חוצבים",
      "location": {
         "lat": 31.8009184,
         "lng": 35.2098475
      },
      "formatted": "ירושלים, ישראל",
      "city": "ירושלים"
   },
   {
      "unformatted": "אריאל שרון 4 גבעתיים, מגדל השחר",
      "location": {
         "lat": 32.0798629,
         "lng": 34.7998541
      },
      "formatted": "אריאל שרון 4, גבעתיים, 5320047, ישראל",
      "city": "גבעתיים"
   },
   {
      "unformatted": "שי עגנון קרית אונו, מד\"א קראון (ממל\"מ)",
      "location": {
         "lat": 32.056683,
         "lng": 34.8659733
      },
      "formatted": "קרית אונו, ישראל",
      "city": "קרית אונו"
   },
   {
      "unformatted": "אבני נזר 46 מודיעין עילית, טרם",
      "location": {
         "lat": 31.93094199999999,
         "lng": 35.039834
      },
      "formatted": "Tiara blocks, מודיעין עלית",
      "city": "מודיעין עילית"
   },
   {
      "unformatted": "בחן, בבית התרבות",
      "location": {
         "lat": 32.351831,
         "lng": 35.018542
      },
      "formatted": "בחן, ישראל",
      "city": "בחן"
   },
   {
      "unformatted": "עמנואל, מועדון גיל הזהב",
      "location": {
         "lat": 32.16110205789138,
         "lng": 35.138644402988575
      },
      "formatted": "עמנואל",
      "city": "עמנואל"
   },
   {
      "unformatted": "סוקולוב פינת בן גוריון הרצליה, מתחם מרכז העיר",
      "location": {
         "lat": 32.1515978,
         "lng": 34.8419668
      },
      "formatted": "סוקולוב & שדרות בן גוריון, רמת השרון, ישראל",
      "city": "הרצליה"
   },
   {
      "unformatted": "אחוזה 147 רעננה, רחבת בית יד לבנים",
      "location": {
         "lat": 32.1804736,
         "lng": 34.8711078
      },
      "formatted": "אחוזה 147, רעננה, ישראל",
      "city": "רעננה"
   },
   {
      "unformatted": "0114 12 ערד",
      "location": {
         "lat": 31.261447,
         "lng": 35.214862
      },
      "formatted": "ערד, ישראל",
      "city": "ערד"
   },
   {
      "unformatted": "הארז 48 רמת ישי, התרמה תתבצע במבואה של בית מרים",
      "location": {
         "lat": 32.7027076,
         "lng": 35.1661383
      },
      "formatted": "רמת ישי, ישראל",
      "city": "רמת ישי"
   },
   {
      "unformatted": "אהבת עולם בני דרום, סניף בני עקיבא בני דרום",
      "location": {
         "lat": 31.82087,
         "lng": 34.691609
      },
      "formatted": "בני דרום, ישראל",
      "city": "בני דרום"
   },
   {
      "unformatted": "אבן גבירול 69 תל אביב יפו",
      "location": {
         "lat": 32.0817299,
         "lng": 34.7807999
      },
      "formatted": "שלמה אבן גבירול 69, תל אביב יפו, ישראל",
      "city": "תל אביב יפו"
   },
   {
      "unformatted": "וייצמן 11 רמלה, קופת חולים מכבי",
      "location": {
         "lat": 31.9290309,
         "lng": 34.8659346
      },
      "formatted": "ויצמן 11, רמלה, ישראל",
      "city": "רמלה"
   },
   {
      "unformatted": "מורשת, אולם חנה",
      "location": {
         "lat": 32.8258373,
         "lng": 35.2320268
      },
      "formatted": "מורשת, ישראל",
      "city": "מורשת"
   },
   {
      "unformatted": "קרני שומרון, קרני שומרון",
      "location": {
         "lat": 32.171553,
         "lng": 35.097462
      },
      "formatted": "קרני שומרון",
      "city": "קרני שומרון"
   },
   {
      "unformatted": "בית שמש, ביג בית שמש",
      "location": {
         "lat": 31.7564164,
         "lng": 34.9902576
      },
      "formatted": "שדרות יגאל אלון 1, בית שמש, ישראל",
      "city": "בית שמש"
   },
   {
      "unformatted": "קהילת קיוב 3 תל אביב יפו, הדר אפקה",
      "location": {
         "lat": 32.1143451382227,
         "lng": 34.81832992926221
      },
      "formatted": "קהילת קיוב 3 תל אביב יפו",
      "city": "תל אביב יפו"
   },
   {
      "unformatted": "עפולה, מרכז הרפואי העמק",
      "location": {
         "lat": 32.6210762,
         "lng": 35.3165964
      },
      "formatted": "שדרות יצחק רבין 21, עפולה, 1834111, ישראל",
      "city": "עפולה"
   },
   {
      "unformatted": "הבנים מול לאונרדו טבריה, ליד תחנת מד\"א",
      "location": {
         "lat": 32.7864405,
         "lng": 35.5413837
      },
      "formatted": "הבנים 1 א, טבריה, 1420163, ישראל",
      "city": "טבריה"
   },
   {
      "unformatted": "תמרת, מועדון נוער",
      "location": {
         "lat": 32.7036047,
         "lng": 35.2246614
      },
      "formatted": "תמרת, ישראל",
      "city": "תמרת"
   },
   {
      "unformatted": "מירב, אולם נוף גלבוע",
      "location": {
         "lat": 32.5569541,
         "lng": 35.368456
      },
      "formatted": "גדעונה, ישראל",
      "city": "מירב"
   },
   {
      "unformatted": "כפר הרא''ה, בית העם",
      "location": {
         "lat": 32.3925956,
         "lng": 34.9097341
      },
      "formatted": "כפר הרא\"ה, ישראל",
      "city": "כפר הרא''ה"
   },
   {
      "unformatted": "רמת מגשימים, מועדון גדול",
      "location": {
         "lat": 32.84616,
         "lng": 35.810584
      },
      "formatted": "רמת מגשימים, 1291700",
      "city": "רמת מגשימים"
   },
   {
      "unformatted": "נתיבות, מד\"א נתיבות , - תחנת מד\"א",
      "location": {
         "lat": 31.41503629999999,
         "lng": 34.5888689
      },
      "formatted": "נתיבות, ישראל",
      "city": "נתיבות"
   },
   {
      "unformatted": "אחוזה 147 רעננה, רחבת יד לבנים",
      "location": {
         "lat": 32.1804736,
         "lng": 34.8711078
      },
      "formatted": "אחוזה 147, רעננה, ישראל",
      "city": "רעננה"
   },
   {
      "unformatted": "אחיה השילוני 5 בית שמש, בי\"ס בית יעקב",
      "location": {
         "lat": 31.7046611,
         "lng": 34.97971030000001
      },
      "formatted": "אחיה השילוני 5, בית שמש, ישראל",
      "city": "בית שמש"
   },
   {
      "unformatted": "נאות גולן, מועדון",
      "location": {
         "lat": 32.787026,
         "lng": 35.693172
      },
      "formatted": "נאות גולן",
      "city": "נאות גולן"
   },
   {
      "unformatted": "בת חפר, בית הכנסת המרכזי",
      "location": {
         "lat": 32.33586699321829,
         "lng": 35.01176912164015
      },
      "formatted": "בת חפר",
      "city": "בת חפר"
   },
   {
      "unformatted": "מזרע, מועדון לחבר",
      "location": {
         "lat": 32.6498803,
         "lng": 35.2864054
      },
      "formatted": "מזרע, ישראל",
      "city": "מזרע"
   },
   {
      "unformatted": "פוריה עילית, המרכז הרפואי ע\"ש ברוך פדה פוריה",
      "location": {
         "lat": 32.7523497,
         "lng": 35.5386634
      },
      "formatted": "דב הוז 0, טבריה, ישראל",
      "city": "פוריה עילית"
   },
   {
      "unformatted": "דב הוז 16 תל אביב יפו, מרכז אריק איינשטיין",
      "location": {
         "lat": 32.080727,
         "lng": 34.7727795
      },
      "formatted": "דב הוז 16, תל אביב יפו, ישראל",
      "city": "תל אביב יפו"
   },
   {
      "unformatted": "כפר יחזקאל, מועדון עין טבעון",
      "location": {
         "lat": 32.567013,
         "lng": 35.362099
      },
      "formatted": "כפר יחזקאל, כפר יחזקאל, ישראל",
      "city": "כפר יחזקאל"
   },
   {
      "unformatted": "רבי מאיר בעל הנס 20 בית שמש, בי\"ס תפארת חיה",
      "location": {
         "lat": 31.747041,
         "lng": 34.988099
      },
      "formatted": "בית שמש, ישראל",
      "city": "בית שמש"
   },
   {
      "unformatted": "נחל שורק 15 בית שמש, בי\"ס אהבת ישראל",
      "location": {
         "lat": 31.7153558,
         "lng": 34.992321
      },
      "formatted": "נחל שורק 15, בית שמש, ישראל",
      "city": "בית שמש"
   },
   {
      "unformatted": "באר שבע",
      "location": {
         "lat": 31.252973,
         "lng": 34.791462
      },
      "formatted": "באר שבע, ישראל",
      "city": "באר שבע"
   },
   {
      "unformatted": "בני יהודה, מועדון נוער",
      "location": {
         "lat": 32.0273862,
         "lng": 34.8669079
      },
      "formatted": "ד\"ר שלמה אטרקצ׳י, Or Yehuda, ישראל",
      "city": "בני יהודה"
   },
   {
      "unformatted": "מרום גולן, מועדון",
      "location": {
         "lat": 33.1285595,
         "lng": 35.7854446
      },
      "formatted": "מרום גולן",
      "city": "מרום גולן"
   },
   {
      "unformatted": "כרמי קטיף, כרמי קטיף",
      "location": {
         "lat": 31.537825,
         "lng": 34.911993
      },
      "formatted": "כרמי קטיף, ישראל",
      "city": "כרמי קטיף"
   },
   {
      "unformatted": "העצמאות 3 אריאל, מועדון הלב החם",
      "location": {
         "lat": 32.1054723,
         "lng": 35.1753915
      },
      "formatted": "העצמאות 3, אריאל",
      "city": "אריאל"
   },
   {
      "unformatted": "החשמונאים 75 קרית מוצקין, רח' החשמונאים 75 מד\"א מוצקין , - תחנת מד\"א",
      "location": {
         "lat": 32.8440668,
         "lng": 35.0802042
      },
      "formatted": "77,, HaHashmona'im St 75, Kiryat Motskin, ישראל",
      "city": "קרית מוצקין"
   },
   {
      "unformatted": "בשמת 6 פרדסיה, שבט לביא צופי פרדסיה",
      "location": {
         "lat": 32.3097567,
         "lng": 34.9041126
      },
      "formatted": "מרווה 4, פרדסיה, 4281500, ישראל",
      "city": "פרדסיה"
   },
   {
      "unformatted": "היין 2 ראשון לציון, שכונת כרמים",
      "location": {
         "lat": 31.9735894,
         "lng": 34.778521
      },
      "formatted": "היין 2, ראשון לציון, ישראל",
      "city": "ראשון לציון"
   },
   {
      "unformatted": "ירושלים",
      "location": {
         "lat": 31.768319,
         "lng": 35.21371
      },
      "formatted": "ירושלים, ישראל",
      "city": "ירושלים"
   },
   {
      "unformatted": "ז'בוטינסקי אשדוד, סטאר סנטר (מתחם רביבו)",
      "location": {
         "lat": 31.81041159999999,
         "lng": 34.6535295
      },
      "formatted": "ז'בוטינסקי 29, מתחם סטאר סנטר, אשדוד, 7773822, ישראל",
      "city": "אשדוד"
   },
   {
      "unformatted": "יהושע יבין 19 ירושלים, סניף בני עקיבא",
      "location": {
         "lat": 31.7697333,
         "lng": 35.2063942
      },
      "formatted": "יהושע ייבין 19, ירושלים, ישראל",
      "city": "ירושלים"
   },
   {
      "unformatted": "הדקל 30 תל מונד, מתנ\"ס",
      "location": {
         "lat": 32.2498619,
         "lng": 34.9176391
      },
      "formatted": "הדקל 30, תל מונד, ישראל",
      "city": "תל מונד"
   },
   {
      "unformatted": "אשלים",
      "location": {
         "lat": 30.964245,
         "lng": 34.699674
      },
      "formatted": "אשלים, ישראל",
      "city": "אשלים"
   },
   {
      "unformatted": "חצור הגלילית, תחנה מרכזית ליד הקניון",
      "location": {
         "lat": 32.9810066,
         "lng": 35.5560074
      },
      "formatted": "חצור הגלילית, ישראל",
      "city": "חצור הגלילית"
   },
   {
      "unformatted": "ראמה, מרכז הכפר ליד סופר האחים חנא",
      "location": {
         "lat": 32.9356648,
         "lng": 35.3658486
      },
      "formatted": "ישוב, ראמה, ישראל",
      "city": "ראמה"
   },
   {
      "unformatted": "כפר כנא, ליד המועצה",
      "location": {
         "lat": 32.7481978,
         "lng": 35.3438402
      },
      "formatted": "כפר כנא, ישראל",
      "city": "כפר כנא"
   },
   {
      "unformatted": "נהורה, נהורה",
      "location": {
         "lat": 31.621321,
         "lng": 34.704496
      },
      "formatted": "נהורה, ישראל",
      "city": "נהורה"
   },
   {
      "unformatted": "ניר יפה, מועדון",
      "location": {
         "lat": 32.568982,
         "lng": 35.244896
      },
      "formatted": "ניר יפה, ישראל",
      "city": "ניר יפה"
   },
   {
      "unformatted": "חיפה, מתנ\"ס רמות ספיר",
      "location": {
         "lat": 32.7881497,
         "lng": 35.0057546
      },
      "formatted": "רח’ גוט לוין 22א, חיפה, ישראל",
      "city": "חיפה"
   },
   {
      "unformatted": "פרדס חנה כרכור, מרכז קהילתי נווה פרדסים",
      "location": {
         "lat": 32.467099,
         "lng": 34.9542932
      },
      "formatted": "אתרוג 8, פרדס חנה כרכור, ישראל",
      "city": "פרדס חנה כרכור"
   },
   {
      "unformatted": "טייבה, מתנס בית ספר נגאח",
      "location": {
         "lat": 32.26698262086344,
         "lng": 35.00994528773367
      },
      "formatted": "טייבה",
      "city": "טייבה"
   },
   {
      "unformatted": "כמהין, מתחם מכינת דרך ארץ כמהין-1",
      "location": {
         "lat": 30.910327,
         "lng": 34.430725
      },
      "formatted": "כמהין, ישראל",
      "city": "כמהין"
   },
   {
      "unformatted": "ד.נ. נגב כפר עזה, במועדון",
      "location": {
         "lat": 31.483416,
         "lng": 34.532291
      },
      "formatted": "M. P. NEGEV כפר עזה, כפר עזה, 8514200, ישראל",
      "city": "כפר עזה"
   },
   {
      "unformatted": "באר שבע, קריית בץ-3 -כפר רפאל באר שבע.",
      "location": {
         "lat": 31.256261,
         "lng": 34.755765
      },
      "formatted": "קרית מאיר בץ, באר שבע, ישראל",
      "city": "באר שבע"
   },
   {
      "unformatted": "סאסא, מועדון הקיבוץ",
      "location": {
         "lat": 33.02866,
         "lng": 35.394569
      },
      "formatted": "סאסא, ישראל",
      "city": "סאסא"
   },
   {
      "unformatted": "ד.נ.נגב מגן, במועדון",
      "location": {
         "lat": 30.7140861,
         "lng": 34.8757476
      },
      "formatted": "הנגב",
      "city": "מגן"
   },
   {
      "unformatted": "החריש 3 אפרת, בית הכנסת ראשית דגנך",
      "location": {
         "lat": 31.6820636,
         "lng": 35.1739095
      },
      "formatted": "החריש, אפרת",
      "city": "אפרת"
   },
   {
      "unformatted": "הרב קאפח 20 ירושלים, בני עקיבא ירושלים",
      "location": {
         "lat": 31.780074,
         "lng": 35.2097242
      },
      "formatted": "הרב יוסף קאפח 20, ירושלים, ישראל",
      "city": "ירושלים"
   },
   {
      "unformatted": "חיים לבנון פינת אינשטיין תל אביב יפו, כיכר אנטין",
      "location": {
         "lat": 32.1133896,
         "lng": 34.8009744
      },
      "formatted": "איינשטיין 77, תל אביב יפו, ישראל",
      "city": "תל אביב יפו"
   },
   {
      "unformatted": "החשמונאים 75 קרית מוצקין, רח' החשמונאים 75, קרית מוצקין , - תחנת מד\"א",
      "location": {
         "lat": 32.8440668,
         "lng": 35.0802042
      },
      "formatted": "החשמונאים 75, קרית מוצקין, ישראל",
      "city": "קרית מוצקין"
   },
   {
      "unformatted": "רבינוב 5 בני ברק, עזר מציון בני-ברק",
      "location": {
         "lat": 32.084392,
         "lng": 34.843663
      },
      "formatted": "הרב רבינוב 5 בני ברק IL 51553, הרב רבינוב 5, בני ברק, ישראל",
      "city": "בני ברק"
   },
   {
      "unformatted": "קינג ג'ורג' 35 תל אביב יפו, גן מאיר",
      "location": {
         "lat": 32.0731172,
         "lng": 34.773142
      },
      "formatted": "גן מאיר, טשרניחובסקי 24, תל אביב יפו, ישראל",
      "city": "תל אביב יפו"
   },
   {
      "unformatted": "רשפון, מועדון",
      "location": {
         "lat": 32.199239356201005,
         "lng": 34.82387471616009
      },
      "formatted": "רשפון",
      "city": "רשפון"
   },
   {
      "unformatted": "שדרות, התרמה ברח' ההגנה-44",
      "location": {
         "lat": 31.526698,
         "lng": 34.5958701
      },
      "formatted": "ההגנה 44, שדרות, ישראל",
      "city": "שדרות"
   },
   {
      "unformatted": "איזייק רמבה 10 נתניה, שבט בזק צופי נתניה",
      "location": {
         "lat": 32.3166701,
         "lng": 34.8538878
      },
      "formatted": "אייזיק רמבה 10, נתניה, ישראל",
      "city": "נתניה"
   },
   {
      "unformatted": "קפלן 2 לוד, סניף בני עקיבא לוד",
      "location": {
         "lat": 31.9460663,
         "lng": 34.8990975
      },
      "formatted": "בית ספר ספיר, חיים משה שפירא 13, לוד, ישראל",
      "city": "לוד"
   },
   {
      "unformatted": "אניעם, מועדון",
      "location": {
         "lat": 32.956172,
         "lng": 35.738549
      },
      "formatted": "אניעם",
      "city": "אניעם"
   },
   {
      "unformatted": "ארבל אלפי מנשה, אלפי מנשה",
      "location": {
         "lat": 32.1720155,
         "lng": 35.0109344
      },
      "formatted": "ארבל, אלפי מנשה",
      "city": "אלפי מנשה"
   },
   {
      "unformatted": "כיכר בן גוריון 1 קרית טבעון, במרכז ליד חומוס הארבעס",
      "location": {
         "lat": 32.722565,
         "lng": 35.1305159
      },
      "formatted": "בן גוריון 1, קרית טבעון, ישראל",
      "city": "קרית טבעון"
   },
   {
      "unformatted": "הנשיא 27 חדרה, סניף בני עקיבא",
      "location": {
         "lat": 32.439843,
         "lng": 34.9195607
      },
      "formatted": "הנשיא 27, חדרה, ישראל",
      "city": "חדרה"
   },
   {
      "unformatted": "הזורעים, מועדון בציה",
      "location": {
         "lat": 32.74525503429937,
         "lng": 35.50405254497998
      },
      "formatted": "הזורעים",
      "city": "הזורעים"
   },
   {
      "unformatted": "דברת, מועדון",
      "location": {
         "lat": 32.6475234,
         "lng": 35.3484586
      },
      "formatted": "דברת, ישראל",
      "city": "דברת"
   },
   {
      "unformatted": "מוטי קינד 10 רחובות, מתחם סנטרו רחובות",
      "location": {
         "lat": 31.8946743,
         "lng": 34.78940960000001
      },
      "formatted": "מרכז סנטרו, מוטי קינד 10, רחובות, 7638519, ישראל",
      "city": "רחובות"
   },
   {
      "unformatted": "רשי 11 בית שמש, מרכז לצעירים",
      "location": {
         "lat": 31.7409344,
         "lng": 34.9886262
      },
      "formatted": "רש\"י 11, בית שמש, ישראל",
      "city": "בית שמש"
   },
   {
      "unformatted": "המייסדים 78 אבן יהודה, בית יחיאל",
      "location": {
         "lat": 32.2697086,
         "lng": 34.8855275
      },
      "formatted": "המייסדים 78, אבן יהודה, ישראל",
      "city": "אבן יהודה"
   },
   {
      "unformatted": "שניר, מועדון לחבר",
      "location": {
         "lat": 33.24052742137329,
         "lng": 35.67699494496467
      },
      "formatted": "שניר",
      "city": "שניר"
   },
   {
      "unformatted": "חטיבה תשע 15 עפולה, גלריה עירונית",
      "location": {
         "lat": 32.6134266,
         "lng": 35.2881623
      },
      "formatted": "עפולה, ישראל",
      "city": "עפולה"
   },
   {
      "unformatted": "רשפים, מועדון",
      "location": {
         "lat": 32.48217043970051,
         "lng": 35.47745358731503
      },
      "formatted": "רשפים",
      "city": "רשפים"
   },
   {
      "unformatted": "כצנלסון 4 לוד, ישיבת צביה אלישיב",
      "location": {
         "lat": 31.94939419999999,
         "lng": 34.8934244
      },
      "formatted": "כצנלסון 4, לוד, ישראל",
      "city": "לוד"
   },
   {
      "unformatted": "מלאה, בית העם",
      "location": {
         "lat": 32.563209349043284,
         "lng": 35.237489394411554
      },
      "formatted": "מלאה",
      "city": "מלאה"
   },
   {
      "unformatted": "אשלים, כפר סטודנטים עדיאל בבית הנדיב",
      "location": {
         "lat": 30.964245,
         "lng": 34.699674
      },
      "formatted": "אשלים, ישראל",
      "city": "אשלים"
   },
   {
      "unformatted": "אוסישקין 65 רמת השרון, בית ספר \"אוסישקין\"",
      "location": {
         "lat": 32.14476920000001,
         "lng": 34.8440654
      },
      "formatted": "אוסישקין 65, רמת השרון, ישראל",
      "city": "רמת השרון"
   },
   {
      "unformatted": "יצחק רבין 25 מודיעין מכבים רעות, אולם השבטים",
      "location": {
         "lat": 31.8902778,
         "lng": 35.0058333
      },
      "formatted": "מודיעין מכבים רעות, ישראל",
      "city": "מודיעין מכבים רעות"
   },
   {
      "unformatted": "סירני 52 רחובות, מתנ\"ס המדע",
      "location": {
         "lat": 31.9006165,
         "lng": 34.8199625
      },
      "formatted": "סירני 52, רחובות, ישראל",
      "city": "רחובות"
   },
   {
      "unformatted": "סמטת צביה 5 גבעתיים, בי\"ס אלון",
      "location": {
         "lat": 32.0637016,
         "lng": 34.8131522
      },
      "formatted": "צביה לובטקין 5, גבעתיים, ישראל",
      "city": "גבעתיים"
   },
   {
      "unformatted": "הרצל פינת סימלנסקי נתניה, כיכר ציון",
      "location": {
         "lat": 32.328777,
         "lng": 34.85649
      },
      "formatted": "הרצל & סמילנסקי, נתניה, ישראל",
      "city": "נתניה"
   },
   {
      "unformatted": "הרב אבקסיס 4 קדימה צורן, שבט תמיד צופי קדימה",
      "location": {
         "lat": 32.27373816471434,
         "lng": 34.911546844994405
      },
      "formatted": "הרב אבקסיס 4 קדימה צורן",
      "city": "קדימה צורן"
   },
   {
      "unformatted": "תל קציר, במועדון חברים המשופץ",
      "location": {
         "lat": 32.706396,
         "lng": 35.61786
      },
      "formatted": "תל קציר",
      "city": "תל קציר"
   },
   {
      "unformatted": "יגאל אלון רמת השרון, בית ספר \"דבורה עומר\"",
      "location": {
         "lat": 32.137793,
         "lng": 34.840278
      },
      "formatted": "רמת השרון, ישראל",
      "city": "רמת השרון"
   },
   {
      "unformatted": "בארותיים, עולש",
      "location": {
         "lat": 32.331969,
         "lng": 34.98532100000001
      },
      "formatted": "עולש, ישראל",
      "city": "בארותיים"
   },
   {
      "unformatted": "אפיקים, מועדון עינב",
      "location": {
         "lat": 32.6805652,
         "lng": 35.5777315
      },
      "formatted": "אפיקים, ישראל",
      "city": "אפיקים"
   },
   {
      "unformatted": "בית זרע, מועדון הפיקוס",
      "location": {
         "lat": 32.6892978,
         "lng": 35.5740632
      },
      "formatted": "בית זרע, ישראל",
      "city": "בית זרע"
   },
   {
      "unformatted": "אשקלון, ליד אולם הרצאות הגדול",
      "location": {
         "lat": 31.6692508,
         "lng": 34.5710973
      },
      "formatted": "יצחק בן צבי 12, אשקלון, ישראל",
      "city": "אשקלון"
   },
   {
      "unformatted": "בני נצרים, התרמה במועדון",
      "location": {
         "lat": 31.143513,
         "lng": 34.316403
      },
      "formatted": "בני נצרים, ישראל",
      "city": "בני נצרים"
   },
   {
      "unformatted": "רמת גן, רמת גן כיכר אורדע",
      "location": {
         "lat": 32.0836043,
         "lng": 34.8148877
      },
      "formatted": "כיכר רמב\"ם, רמת גן, ישראל",
      "city": "רמת גן"
   },
   {
      "unformatted": "מרכז מסחרי רמת גן, מרום נווה",
      "location": {
         "lat": 32.071946599925354,
         "lng": 34.82923563712299
      },
      "formatted": "מרכז מסחרי רמת גן, מרום נווה",
      "city": "רמת גן"
   },
   {
      "unformatted": "חרוזים פינת יהודית רמת גן, שכונת חרוזים",
      "location": {
         "lat": 32.090665,
         "lng": 34.804482
      },
      "formatted": "חרוזים & יהודית, רמת גן, ישראל",
      "city": "רמת גן"
   },
   {
      "unformatted": "מגאר, תחנת דלק פז",
      "location": {
         "lat": 32.879853,
         "lng": 35.4284567
      },
      "formatted": "כביש 807, מע'אר, ישראל",
      "city": "מגאר"
   },
   {
      "unformatted": "בית אריה, מתנ\"ס בית אריה",
      "location": {
         "lat": 32.040059,
         "lng": 35.049472
      },
      "formatted": "בית אריה",
      "city": "בית אריה"
   },
   {
      "unformatted": "באר שבע, התרמה בשכונת רמות רח' הערים התאומות ליד מתנ\"ס ספורטיב באר שבע",
      "location": {
         "lat": 33.44852903890945,
         "lng": 32.05693494134149
      },
      "formatted": "bad_address",
      "city": "באר שבע"
   },
   {
      "unformatted": "עיילבון, ליד בנק מרכנתיל",
      "location": {
         "lat": 32.838128,
         "lng": 35.401298
      },
      "formatted": "עילבון, עיילבון, 1697200, ישראל",
      "city": "עיילבון"
   },
   {
      "unformatted": "אשקלון, בכניסה למיון כירורגי בית חולים ברזילי",
      "location": {
         "lat": 31.6622785,
         "lng": 34.5592871
      },
      "formatted": "ההסתדרות 2, אשקלון, ישראל",
      "city": "אשקלון"
   },
   {
      "unformatted": "צור יגאל, בית תרבות צור יגאל",
      "location": {
         "lat": 32.2139854,
         "lng": 34.9861603
      },
      "formatted": "כוכב יאיר צור יגאל, ישראל",
      "city": "צור יגאל"
   },
   {
      "unformatted": "טלמון, בני עקיבא-טלמון",
      "location": {
         "lat": 31.93947499999999,
         "lng": 35.133131
      },
      "formatted": "טלמון",
      "city": "טלמון"
   },
   {
      "unformatted": "מגדל, מתנ\"ס",
      "location": {
         "lat": 32.8378777,
         "lng": 35.5061082
      },
      "formatted": "מגדל, ישראל",
      "city": "מגדל"
   },
   {
      "unformatted": "בית ג'ן, מתנ\"ס",
      "location": {
         "lat": 32.9737577,
         "lng": 35.3281289
      },
      "formatted": "פקיעין, ישראל",
      "city": "בית ג'ן"
   },
   {
      "unformatted": "גבעת בילו חדרה, - תחנת מד\"א",
      "location": {
         "lat": 32.4445161,
         "lng": 34.9228603
      },
      "formatted": "אביאור 7-11, חדרה, ישראל",
      "city": "חדרה"
   },
   {
      "unformatted": "סשב ארגוב 38 רעננה, ספורטק",
      "location": {
         "lat": 32.1931954,
         "lng": 34.8627065
      },
      "formatted": "ספורטק נווה זמר, סשה ארגוב 38, רעננה, ישראל",
      "city": "רעננה"
   },
   {
      "unformatted": "ד.נ. נגב סעד, מועדון לחבר",
      "location": {
         "lat": 30.7140861,
         "lng": 34.8757476
      },
      "formatted": "הנגב",
      "city": "סעד"
   },
   {
      "unformatted": "טירת כסף 1 כוכב יעקב, אולם שמחות",
      "location": {
         "lat": 31.8812554,
         "lng": 35.2448093
      },
      "formatted": "טירת כסף, כוכב יעקב",
      "city": "כוכב יעקב"
   },
   {
      "unformatted": "ד.נ. ערבה חצבה, במועדון",
      "location": {
         "lat": 30.7639277,
         "lng": 35.2791793
      },
      "formatted": "ד.נ.ערבה חצבה, חצבה, 86815, ישראל",
      "city": "חצבה"
   },
   {
      "unformatted": "שדמות מחולה, מועדון",
      "location": {
         "lat": 32.3455107,
         "lng": 35.5337694
      },
      "formatted": "שדמות מחולה",
      "city": "שדמות מחולה"
   },
   {
      "unformatted": "שדרות החוצבים מבשרת ציון, מתנ\"ס מעוז ציון",
      "location": {
         "lat": 31.7937681,
         "lng": 35.1464381
      },
      "formatted": "מבשרת ציון, ישראל",
      "city": "מבשרת ציון"
   },
   {
      "unformatted": "בני דרור, מועדון לחבר",
      "location": {
         "lat": 32.2620756,
         "lng": 34.9015184
      },
      "formatted": "חרוב, בני דרור, ישראל",
      "city": "בני דרור"
   },
   {
      "unformatted": "כפר אדומים, מועדון כפר אדומים",
      "location": {
         "lat": 31.827216,
         "lng": 35.337189
      },
      "formatted": "כפר אדומים",
      "city": "כפר אדומים"
   },
   {
      "unformatted": "יעף, מועדון",
      "location": {
         "lat": 32.0703495,
         "lng": 34.7836935
      },
      "formatted": "הארבעה 10, תל אביב יפו, ישראל",
      "city": "יעף"
   },
   {
      "unformatted": "דרך נילי בנימינה גבעת עדה, במתנ\"ס",
      "location": {
         "lat": 32.5218177,
         "lng": 34.9392599
      },
      "formatted": "בנימינה גבעת עדה, ישראל",
      "city": "בנימינה גבעת עדה"
   },
   {
      "unformatted": "נופית, במזכירות",
      "location": {
         "lat": 32.7585123,
         "lng": 35.1479069
      },
      "formatted": "נופית, ישראל",
      "city": "נופית"
   },
   {
      "unformatted": "טורעאן, מתנ\"ס",
      "location": {
         "lat": 32.775137,
         "lng": 35.378344
      },
      "formatted": "טורעאן, ישראל",
      "city": "טורעאן"
   },
   {
      "unformatted": "רחוב התחייה פינת הדרים הוד השרון, מרכז דור",
      "location": {
         "lat": 32.1627208,
         "lng": 34.8974819
      },
      "formatted": "רחוב התחייה פינת, Hadarim St, Hod HaSharon, ישראל",
      "city": "הוד השרון"
   },
   {
      "unformatted": "שוהם, אולם בית תרבות",
      "location": {
         "lat": 32.0001555,
         "lng": 34.9463019
      },
      "formatted": "שוהם, ישראל",
      "city": "שוהם"
   },
   {
      "unformatted": "יפיע, מתנ\"ס יפיע",
      "location": {
         "lat": 32.6867235,
         "lng": 35.2718144
      },
      "formatted": "52, 101 St, Yafa an-Naseriyye, ישראל",
      "city": "יפיע"
   },
   {
      "unformatted": "בית קשת, מועדון לחבר",
      "location": {
         "lat": 32.7184473,
         "lng": 35.3949536
      },
      "formatted": "בית קשת, ישראל",
      "city": "בית קשת"
   },
   {
      "unformatted": "עין גב, מועדון",
      "location": {
         "lat": 32.783393,
         "lng": 35.640119
      },
      "formatted": "עין גב",
      "city": "עין גב"
   },
   {
      "unformatted": "כפר המכבי, בנין המועצה - מועצה אזורית זבולון",
      "location": {
         "lat": 32.7932395,
         "lng": 35.117095
      },
      "formatted": "ישראל",
      "city": "כפר המכבי"
   },
   {
      "unformatted": "טייבה",
      "location": {
         "lat": 32.266892,
         "lng": 35.009675
      },
      "formatted": "טייבה, ישראל",
      "city": "טייבה"
   },
   {
      "unformatted": "הוד השרון, אולם ספורט בית ספר ירוק",
      "location": {
         "lat": 32.165629,
         "lng": 34.9045223
      },
      "formatted": "עזר וייצמן, הוד השרון, ישראל",
      "city": "הוד השרון"
   },
   {
      "unformatted": "קרואן בעיר הבהדים",
      "location": {
         "lat": 35.6711663,
         "lng": 10.1005469
      },
      "formatted": "קיירואן, תוניסיה",
      "city": "קרואן בעיר הבהדים"
   },
   {
      "unformatted": "עילוט, בית הקשיש",
      "location": {
         "lat": 32.7008591,
         "lng": 35.2718984
      },
      "formatted": "כפר החורש, ישראל",
      "city": "עילוט"
   },
   {
      "unformatted": "גבעת זאב, בית גיל הזהב",
      "location": {
         "lat": 31.8161884,
         "lng": 35.19639
      },
      "formatted": "ירושלים",
      "city": "גבעת זאב"
   },
   {
      "unformatted": "התפוצות 9 רמת גן, בני עקיבא רמת חן",
      "location": {
         "lat": 32.0647753,
         "lng": 34.8345793
      },
      "formatted": "התפוצות 9, רמת גן, ישראל",
      "city": "רמת גן"
   },
   {
      "unformatted": "באר שבע, התרמה בשכונת נווה זאב רח' יוהנה זבוטינסקי",
      "location": {
         "lat": 31.238422,
         "lng": 34.773727
      },
      "formatted": "מרכז מסחרי נווה זאב/שדרות יוהנה ז'בוטינסקי, שדרות יוהנה ז'בוטינסקי, באר שבע, ישראל",
      "city": "באר שבע"
   },
   {
      "unformatted": "חד נס, מועדון פיס",
      "location": {
         "lat": 32.9286251,
         "lng": 35.6421231
      },
      "formatted": "חד נס",
      "city": "חד נס"
   }
]